2026-03-11 05:25:20,947 - INFO - ✓ Using CUDA GPU: NVIDIA H100 80GB HBM3 MIG 3g.40gb
2026-03-11 05:25:20,947 - INFO -   CUDA Memory: 42.28 GB
2026-03-11 05:25:20,947 - INFO - ✓ CUDA memory management configured:
2026-03-11 05:25:20,947 - INFO -   - Memory fraction: unset (MIG NVML limitation; 40 GB >> ~15 GB peak)
2026-03-11 05:25:20,947 - INFO -   - CuDNN benchmark: Enabled
2026-03-11 05:25:20,947 - INFO -   - TF32 (matmul + cuDNN): Enabled
2026-03-11 05:25:20,947 - INFO - ✓ Garbage collection optimized
2026-03-11 05:25:20,948 - INFO - 
================================================================================
2026-03-11 05:25:20,948 - INFO - LOADING DATASETS
2026-03-11 05:25:20,948 - INFO - ================================================================================
2026-03-11 05:25:20,948 - INFO - Loading dataset: archive/lra-pathfinder128-curv_contour_length_14.train.pickle
2026-03-11 05:25:27,270 - INFO -   Loaded 160000 examples
2026-03-11 05:25:27,270 - INFO - Loading dataset: archive/lra-pathfinder128-curv_contour_length_14.dev.pickle
2026-03-11 05:25:28,042 - INFO -   Loaded 20000 examples
2026-03-11 05:25:28,043 - INFO - Train: 160,000 | Val: 20,000
2026-03-11 05:25:28,043 - INFO - ================================================================================

2026-03-11 05:25:28,043 - INFO - ================================================================================
2026-03-11 05:25:28,043 - INFO - INITIALIZING MODEL
2026-03-11 05:25:28,043 - INFO - ================================================================================
2026-03-11 05:25:28,239 - INFO - Gradient checkpointing enabled — skipping torch.compile (AOT autograd overrides saved_tensors_hooks; eager mode required for correct memory release)
2026-03-11 05:25:28,239 - INFO - Parameters: 789,888
2026-03-11 05:25:28,239 - INFO - ================================================================================

2026-03-11 05:25:28,239 - INFO - CheckpointManager initialized:
2026-03-11 05:25:28,239 - INFO -   Directory: checkpoints_research
2026-03-11 05:25:28,239 - INFO -   Interval: 2.0 hours
2026-03-11 05:25:28,239 - INFO -   Keep last: 5 checkpoints
2026-03-11 05:25:32,395 - INFO - ✓ W&B initialized: https://wandb.ai/sanand_be22-thapar-university/tustin-mamba-pathx/runs/ogt2szz8
2026-03-11 05:25:32,430 - INFO - No existing checkpoints found. Starting from scratch.
2026-03-11 05:25:32,431 - INFO - 
================================================================================
2026-03-11 05:25:32,431 - INFO - RESEARCH TRAINING START
2026-03-11 05:25:32,431 - INFO - ================================================================================
2026-03-11 05:25:32,432 - INFO - Model: ZOH mode
2026-03-11 05:25:32,432 - INFO - Parameters: 789,888
2026-03-11 05:25:32,432 - INFO - Device: cuda
2026-03-11 05:25:32,432 - INFO - Precision: bfloat16
2026-03-11 05:25:32,433 - INFO - Gradient checkpointing: True
2026-03-11 05:25:32,433 - INFO - Checkpoint interval: 2.0 hours
2026-03-11 05:25:32,433 - INFO - Research metrics: Stability=True, Discretization=True, Gradients=True
2026-03-11 05:25:32,433 - INFO - ================================================================================

2026-03-11 05:47:03,804 - INFO - ✓ Using CUDA GPU: NVIDIA H100 80GB HBM3 MIG 3g.40gb
2026-03-11 05:47:03,804 - INFO -   CUDA Memory: 42.28 GB
2026-03-11 05:47:03,804 - INFO - ✓ CUDA memory management configured:
2026-03-11 05:47:03,804 - INFO -   - Memory fraction: unset (MIG NVML limitation; 40 GB >> ~15 GB peak)
2026-03-11 05:47:03,804 - INFO -   - CuDNN benchmark: Enabled
2026-03-11 05:47:03,804 - INFO -   - TF32 (matmul + cuDNN): Enabled
2026-03-11 05:47:03,804 - INFO - ✓ Garbage collection optimized
2026-03-11 05:47:03,804 - INFO - 
================================================================================
2026-03-11 05:47:03,804 - INFO - LOADING DATASETS
2026-03-11 05:47:03,804 - INFO - ================================================================================
2026-03-11 05:47:03,805 - INFO - Loading dataset: archive/lra-pathfinder128-curv_contour_length_14.train.pickle
2026-03-11 05:47:09,859 - INFO -   Loaded 160000 examples
2026-03-11 05:47:09,860 - INFO - Loading dataset: archive/lra-pathfinder128-curv_contour_length_14.dev.pickle
2026-03-11 05:47:10,622 - INFO -   Loaded 20000 examples
2026-03-11 05:47:10,622 - INFO - Train: 160,000 | Val: 20,000
2026-03-11 05:47:10,622 - INFO - ================================================================================

2026-03-11 05:47:10,623 - INFO - ================================================================================
2026-03-11 05:47:10,623 - INFO - INITIALIZING MODEL
2026-03-11 05:47:10,623 - INFO - ================================================================================
2026-03-11 05:47:10,815 - INFO - Gradient checkpointing enabled — skipping torch.compile (AOT autograd overrides saved_tensors_hooks; eager mode required for correct memory release)
2026-03-11 05:47:10,816 - INFO - Parameters: 789,888
2026-03-11 05:47:10,816 - INFO - ================================================================================

2026-03-11 05:47:10,816 - INFO - CheckpointManager initialized:
2026-03-11 05:47:10,816 - INFO -   Directory: checkpoints_research
2026-03-11 05:47:10,816 - INFO -   Interval: 2.0 hours
2026-03-11 05:47:10,816 - INFO -   Keep last: 5 checkpoints
2026-03-11 05:47:14,590 - INFO - ✓ W&B initialized: https://wandb.ai/sanand_be22-thapar-university/tustin-mamba-pathx/runs/r97aev38
2026-03-11 05:47:14,629 - INFO - No existing checkpoints found. Starting from scratch.
2026-03-11 05:47:14,630 - INFO - 
================================================================================
2026-03-11 05:47:14,630 - INFO - RESEARCH TRAINING START
2026-03-11 05:47:14,630 - INFO - ================================================================================
2026-03-11 05:47:14,630 - INFO - Model: ZOH mode
2026-03-11 05:47:14,630 - INFO - Parameters: 789,888
2026-03-11 05:47:14,630 - INFO - Device: cuda
2026-03-11 05:47:14,630 - INFO - Precision: bfloat16
2026-03-11 05:47:14,630 - INFO - Gradient checkpointing: True
2026-03-11 05:47:14,630 - INFO - Checkpoint interval: 2.0 hours
2026-03-11 05:47:14,631 - INFO - Research metrics: Stability=True, Discretization=True, Gradients=True
2026-03-11 05:47:14,631 - INFO - ================================================================================

2026-03-11 05:47:25,613 - INFO - iter     0 | loss 0.6675 | lr 0.00e+00 | 23873 tok/s | 10291.5 ms/step
2026-03-11 05:47:25,626 - INFO - ✓ Saved checkpoint: checkpoints_research/checkpoint_step0_20260311_054725.pt
2026-03-11 05:47:25,627 - INFO -   Step: 0, Wall-clock: 0.00h
2026-03-11 05:51:31,128 - INFO - ✓ Using CUDA GPU: NVIDIA H100 80GB HBM3 MIG 3g.40gb
2026-03-11 05:51:31,128 - INFO -   CUDA Memory: 42.28 GB
2026-03-11 05:51:31,128 - INFO - ✓ CUDA memory management configured:
2026-03-11 05:51:31,128 - INFO -   - Memory fraction: unset (MIG NVML limitation; 40 GB >> ~15 GB peak)
2026-03-11 05:51:31,128 - INFO -   - CuDNN benchmark: Enabled
2026-03-11 05:51:31,128 - INFO -   - TF32 (matmul + cuDNN): Enabled
2026-03-11 05:51:31,128 - INFO - ✓ Garbage collection optimized
2026-03-11 05:51:31,129 - INFO - 
================================================================================
2026-03-11 05:51:31,129 - INFO - LOADING DATASETS
2026-03-11 05:51:31,129 - INFO - ================================================================================
2026-03-11 05:51:31,129 - INFO - Loading dataset: archive/lra-pathfinder128-curv_contour_length_14.train.pickle
2026-03-11 05:51:37,057 - INFO -   Loaded 160000 examples
2026-03-11 05:51:37,057 - INFO - Loading dataset: archive/lra-pathfinder128-curv_contour_length_14.dev.pickle
2026-03-11 05:51:37,805 - INFO -   Loaded 20000 examples
2026-03-11 05:51:37,805 - INFO - Train: 160,000 | Val: 20,000
2026-03-11 05:51:37,805 - INFO - ================================================================================

2026-03-11 05:51:37,806 - INFO - ================================================================================
2026-03-11 05:51:37,806 - INFO - INITIALIZING MODEL
2026-03-11 05:51:37,806 - INFO - ================================================================================
2026-03-11 05:51:38,031 - INFO - Gradient checkpointing enabled — skipping torch.compile (AOT autograd overrides saved_tensors_hooks; eager mode required for correct memory release)
2026-03-11 05:51:38,031 - INFO - Parameters: 789,888
2026-03-11 05:51:38,031 - INFO - ================================================================================

2026-03-11 05:51:38,032 - INFO - CheckpointManager initialized:
2026-03-11 05:51:38,032 - INFO -   Directory: checkpoints_research
2026-03-11 05:51:38,032 - INFO -   Interval: 2.0 hours
2026-03-11 05:51:38,032 - INFO -   Keep last: 5 checkpoints
2026-03-11 05:51:41,419 - INFO - ✓ W&B initialized: https://wandb.ai/sanand_be22-thapar-university/tustin-mamba-pathx/runs/6dmg2ccv
2026-03-11 05:51:41,455 - INFO - Loading checkpoint: checkpoints_research/checkpoint_step0_20260311_054725.pt
2026-03-11 05:51:41,472 - INFO - ✓ Loaded checkpoint from step 0
2026-03-11 05:51:41,472 - INFO -   Timestamp: 20260311_054725
2026-03-11 05:51:41,472 - INFO -   Wall-clock: 0.00h
2026-03-11 05:51:41,475 - INFO - ✓ Resumed from step 1
2026-03-11 05:51:41,475 - INFO - 
================================================================================
2026-03-11 05:51:41,475 - INFO - RESEARCH TRAINING START
2026-03-11 05:51:41,476 - INFO - ================================================================================
2026-03-11 05:51:41,476 - INFO - Model: ZOH mode
2026-03-11 05:51:41,476 - INFO - Parameters: 789,888
2026-03-11 05:51:41,477 - INFO - Device: cuda
2026-03-11 05:51:41,477 - INFO - Precision: bfloat16
2026-03-11 05:51:41,477 - INFO - Gradient checkpointing: True
2026-03-11 05:51:41,477 - INFO - Checkpoint interval: 2.0 hours
2026-03-11 05:51:41,477 - INFO - Research metrics: Stability=True, Discretization=True, Gradients=True
2026-03-11 05:51:41,478 - INFO - ================================================================================

2026-03-11 05:53:21,666 - INFO - iter    10 | loss 0.7007 | lr 5.00e-06 | 25938 tok/s | 9946.2 ms/step
2026-03-11 05:55:00,711 - INFO - iter    20 | loss 0.7285 | lr 1.00e-05 | 26187 tok/s | 9919.5 ms/step
2026-03-11 05:56:41,392 - INFO - iter    30 | loss 0.7178 | lr 1.50e-05 | 26139 tok/s | 9965.2 ms/step
2026-03-11 05:58:20,524 - INFO - iter    40 | loss 0.6953 | lr 2.00e-05 | 26212 tok/s | 9949.3 ms/step
2026-03-11 05:59:59,603 - INFO - iter    50 | loss 0.6943 | lr 2.50e-05 | 26260 tok/s | 9938.6 ms/step
2026-03-11 06:01:38,605 - INFO - iter    60 | loss 0.6943 | lr 3.00e-05 | 26296 tok/s | 9930.3 ms/step
2026-03-11 06:03:17,630 - INFO - iter    70 | loss 0.6919 | lr 3.50e-05 | 26321 tok/s | 9924.7 ms/step
2026-03-11 06:04:56,680 - INFO - iter    80 | loss 0.6846 | lr 4.00e-05 | 26338 tok/s | 9920.7 ms/step
2026-03-11 06:06:35,722 - INFO - iter    90 | loss 0.7114 | lr 4.50e-05 | 26353 tok/s | 9917.6 ms/step
2026-03-11 06:08:14,690 - INFO - iter   100 | loss 0.6846 | lr 5.00e-05 | 26366 tok/s | 9914.4 ms/step
2026-03-11 06:09:53,798 - INFO - iter   110 | loss 0.6865 | lr 5.50e-05 | 26373 tok/s | 9909.3 ms/step
2026-03-11 06:11:32,819 - INFO - iter   120 | loss 0.6929 | lr 6.00e-05 | 26382 tok/s | 9909.1 ms/step
2026-03-11 06:13:11,994 - INFO - iter   130 | loss 0.6929 | lr 6.50e-05 | 26386 tok/s | 9894.0 ms/step
2026-03-11 06:14:51,106 - INFO - iter   140 | loss 0.6768 | lr 7.00e-05 | 26390 tok/s | 9893.8 ms/step
2026-03-11 06:16:30,202 - INFO - iter   150 | loss 0.6821 | lr 7.50e-05 | 26394 tok/s | 9894.0 ms/step
2026-03-11 06:18:09,317 - INFO - iter   160 | loss 0.6821 | lr 8.00e-05 | 26398 tok/s | 9895.1 ms/step
2026-03-11 06:19:48,437 - INFO - iter   170 | loss 0.6660 | lr 8.50e-05 | 26401 tok/s | 9896.1 ms/step
2026-03-11 06:21:27,573 - INFO - iter   180 | loss 0.6831 | lr 9.00e-05 | 26403 tok/s | 9896.9 ms/step
2026-03-11 06:23:06,766 - INFO - iter   190 | loss 0.6938 | lr 9.50e-05 | 26404 tok/s | 9898.5 ms/step
2026-03-11 06:24:45,852 - INFO - iter   200 | loss 0.6929 | lr 1.00e-04 | 26407 tok/s | 9899.6 ms/step
2026-03-11 06:26:24,940 - INFO - iter   210 | loss 0.6772 | lr 1.05e-04 | 26409 tok/s | 9899.1 ms/step
2026-03-11 06:28:04,092 - INFO - iter   220 | loss 0.6851 | lr 1.10e-04 | 26410 tok/s | 9900.4 ms/step
2026-03-11 06:29:43,840 - INFO - iter   230 | loss 0.7378 | lr 1.15e-04 | 26405 tok/s | 9906.2 ms/step
2026-03-11 06:31:23,506 - INFO - iter   240 | loss 0.6934 | lr 1.20e-04 | 26400 tok/s | 9911.7 ms/step
2026-03-11 06:33:02,523 - INFO - iter   250 | loss 0.6963 | lr 1.25e-04 | 26403 tok/s | 9910.9 ms/step
2026-03-11 06:34:41,705 - INFO - iter   260 | loss 0.7090 | lr 1.30e-04 | 26404 tok/s | 9911.6 ms/step
2026-03-11 06:36:20,810 - INFO - iter   270 | loss 0.6963 | lr 1.35e-04 | 26406 tok/s | 9911.5 ms/step
2026-03-11 06:37:59,860 - INFO - iter   280 | loss 0.6973 | lr 1.40e-04 | 26408 tok/s | 9910.6 ms/step
2026-03-11 06:39:39,778 - INFO - iter   290 | loss 0.6880 | lr 1.45e-04 | 26402 tok/s | 9917.8 ms/step
2026-03-11 06:41:18,902 - INFO - iter   300 | loss 0.6577 | lr 1.50e-04 | 26404 tok/s | 9918.2 ms/step
2026-03-11 06:42:57,085 - INFO - ✓ Using CUDA GPU: NVIDIA H100 80GB HBM3 MIG 3g.40gb
2026-03-11 06:42:57,085 - INFO -   CUDA Memory: 42.28 GB
2026-03-11 06:42:57,085 - INFO - ✓ CUDA memory management configured:
2026-03-11 06:42:57,085 - INFO -   - Memory fraction: unset (MIG NVML limitation; 40 GB >> ~15 GB peak)
2026-03-11 06:42:57,085 - INFO -   - CuDNN benchmark: Enabled
2026-03-11 06:42:57,085 - INFO -   - TF32 (matmul + cuDNN): Enabled
2026-03-11 06:42:57,085 - INFO - ✓ Garbage collection optimized
2026-03-11 06:42:57,086 - INFO - 
================================================================================
2026-03-11 06:42:57,086 - INFO - LOADING DATASETS
2026-03-11 06:42:57,086 - INFO - ================================================================================
2026-03-11 06:42:57,086 - INFO - Loading dataset: archive/lra-pathfinder128-curv_contour_length_14.train.pickle
2026-03-11 06:43:03,143 - INFO -   Loaded 160000 examples
2026-03-11 06:43:03,143 - INFO - Loading dataset: archive/lra-pathfinder128-curv_contour_length_14.dev.pickle
2026-03-11 06:43:03,875 - INFO -   Loaded 20000 examples
2026-03-11 06:43:03,876 - INFO - Train: 160,000 | Val: 20,000
2026-03-11 06:43:03,876 - INFO - ================================================================================

2026-03-11 06:43:03,876 - INFO - ================================================================================
2026-03-11 06:43:03,876 - INFO - INITIALIZING MODEL
2026-03-11 06:43:03,876 - INFO - ================================================================================
2026-03-11 06:43:04,210 - INFO - Gradient checkpointing enabled — skipping torch.compile (AOT autograd overrides saved_tensors_hooks; eager mode required for correct memory release)
2026-03-11 06:43:04,210 - INFO - Parameters: 789,888
2026-03-11 06:43:04,210 - INFO - ================================================================================

2026-03-11 06:43:04,210 - INFO - CheckpointManager initialized:
2026-03-11 06:43:04,210 - INFO -   Directory: checkpoints_research
2026-03-11 06:43:04,210 - INFO -   Interval: 2.0 hours
2026-03-11 06:43:04,210 - INFO -   Keep last: 5 checkpoints
2026-03-11 06:43:07,375 - INFO - ✓ W&B initialized: https://wandb.ai/sanand_be22-thapar-university/tustin-mamba-pathx/runs/et3ln32l
2026-03-11 06:43:07,411 - INFO - Loading checkpoint: checkpoints_research/checkpoint_step0_20260311_054725.pt
2026-03-11 06:43:07,415 - INFO - ✓ Loaded checkpoint from step 0
2026-03-11 06:43:07,415 - INFO -   Timestamp: 20260311_054725
2026-03-11 06:43:07,415 - INFO -   Wall-clock: 0.00h
2026-03-11 06:43:07,418 - INFO - ✓ Resumed from step 1
2026-03-11 06:43:07,418 - INFO - 
================================================================================
2026-03-11 06:43:07,418 - INFO - RESEARCH TRAINING START
2026-03-11 06:43:07,419 - INFO - ================================================================================
2026-03-11 06:43:07,419 - INFO - Model: ZOH mode
2026-03-11 06:43:07,419 - INFO - Parameters: 789,888
2026-03-11 06:43:07,420 - INFO - Device: cuda
2026-03-11 06:43:07,420 - INFO - Precision: bfloat16
2026-03-11 06:43:07,420 - INFO - Gradient checkpointing: True
2026-03-11 06:43:07,420 - INFO - Checkpoint interval: 2.0 hours
2026-03-11 06:43:07,421 - INFO - Research metrics: Stability=True, Discretization=True, Gradients=True
2026-03-11 06:43:07,421 - INFO - ================================================================================

2026-03-11 06:44:47,222 - INFO - iter    10 | loss 0.7007 | lr 5.00e-06 | 26029 tok/s | 9906.5 ms/step
2026-03-11 06:46:26,144 - INFO - iter    20 | loss 0.7285 | lr 1.00e-05 | 26251 tok/s | 9893.5 ms/step
2026-03-11 06:48:04,903 - INFO - iter    30 | loss 0.7178 | lr 1.50e-05 | 26345 tok/s | 9883.7 ms/step
2026-03-11 06:49:44,301 - INFO - iter    40 | loss 0.6953 | lr 2.00e-05 | 26352 tok/s | 9894.8 ms/step
2026-03-11 06:51:23,550 - INFO - iter    50 | loss 0.6943 | lr 2.50e-05 | 26364 tok/s | 9898.5 ms/step
2026-03-11 06:53:02,415 - INFO - iter    60 | loss 0.6943 | lr 3.00e-05 | 26388 tok/s | 9894.6 ms/step
2026-03-11 06:59:06,525 - INFO - ✓ Using CUDA GPU: NVIDIA H100 80GB HBM3 MIG 3g.40gb
2026-03-11 06:59:06,525 - INFO -   CUDA Memory: 42.28 GB
2026-03-11 06:59:06,525 - INFO - ✓ CUDA memory management configured:
2026-03-11 06:59:06,525 - INFO -   - Memory fraction: unset (MIG NVML limitation; 40 GB >> ~15 GB peak)
2026-03-11 06:59:06,525 - INFO -   - CuDNN benchmark: Enabled
2026-03-11 06:59:06,525 - INFO -   - TF32 (matmul + cuDNN): Enabled
2026-03-11 06:59:06,525 - INFO - ✓ Garbage collection optimized
2026-03-11 06:59:06,526 - INFO - 
================================================================================
2026-03-11 06:59:06,526 - INFO - LOADING DATASETS
2026-03-11 06:59:06,526 - INFO - ================================================================================
2026-03-11 06:59:06,526 - INFO - Loading dataset: archive/lra-pathfinder128-curv_contour_length_14.train.pickle
2026-03-11 06:59:12,755 - INFO -   Loaded 160000 examples
2026-03-11 06:59:12,755 - INFO - Loading dataset: archive/lra-pathfinder128-curv_contour_length_14.dev.pickle
2026-03-11 06:59:13,521 - INFO -   Loaded 20000 examples
2026-03-11 06:59:13,521 - INFO - Train: 160,000 | Val: 20,000
2026-03-11 06:59:13,521 - INFO - ================================================================================

2026-03-11 06:59:13,522 - INFO - ================================================================================
2026-03-11 06:59:13,522 - INFO - INITIALIZING MODEL
2026-03-11 06:59:13,522 - INFO - ================================================================================
2026-03-11 06:59:13,739 - INFO - Gradient checkpointing enabled — skipping torch.compile (AOT autograd overrides saved_tensors_hooks; eager mode required for correct memory release)
2026-03-11 06:59:13,739 - INFO - Parameters: 789,888
2026-03-11 06:59:13,739 - INFO - ================================================================================

2026-03-11 06:59:13,740 - INFO - CheckpointManager initialized:
2026-03-11 06:59:13,740 - INFO -   Directory: checkpoints_research
2026-03-11 06:59:13,740 - INFO -   Interval: 2.0 hours
2026-03-11 06:59:13,740 - INFO -   Keep last: 5 checkpoints
2026-03-11 06:59:17,879 - INFO - ✓ W&B initialized: https://wandb.ai/sanand_be22-thapar-university/tustin-mamba-pathx/runs/ib502kek
2026-03-11 06:59:17,916 - INFO - Loading checkpoint: checkpoints_research/checkpoint_step0_20260311_054725.pt
2026-03-11 06:59:17,920 - INFO - ✓ Loaded checkpoint from step 0
2026-03-11 06:59:17,920 - INFO -   Timestamp: 20260311_054725
2026-03-11 06:59:17,920 - INFO -   Wall-clock: 0.00h
2026-03-11 06:59:17,924 - INFO - ✓ Resumed from step 1
2026-03-11 06:59:17,924 - INFO - 
================================================================================
2026-03-11 06:59:17,924 - INFO - RESEARCH TRAINING START
2026-03-11 06:59:17,924 - INFO - ================================================================================
2026-03-11 06:59:17,925 - INFO - Model: ZOH mode
2026-03-11 06:59:17,925 - INFO - Parameters: 789,888
2026-03-11 06:59:17,925 - INFO - Device: cuda
2026-03-11 06:59:17,925 - INFO - Precision: bfloat16
2026-03-11 06:59:17,925 - INFO - Gradient checkpointing: True
2026-03-11 06:59:17,925 - INFO - Checkpoint interval: 2.0 hours
2026-03-11 06:59:17,926 - INFO - Research metrics: Stability=True, Discretization=True, Gradients=True
2026-03-11 06:59:17,926 - INFO - ================================================================================

2026-03-11 11:22:07,705 - INFO - ✓ Using CUDA GPU: NVIDIA H100 80GB HBM3 MIG 3g.40gb
2026-03-11 11:22:07,705 - INFO -   CUDA Memory: 42.28 GB
2026-03-11 11:22:07,705 - INFO - ✓ CUDA memory management configured:
2026-03-11 11:22:07,705 - INFO -   - Memory fraction: unset (MIG NVML limitation; 40 GB >> ~15 GB peak)
2026-03-11 11:22:07,705 - INFO -   - CuDNN benchmark: Enabled
2026-03-11 11:22:07,705 - INFO -   - TF32 (matmul + cuDNN): Enabled
2026-03-11 11:22:07,705 - INFO - ✓ Garbage collection optimized
2026-03-11 11:22:07,706 - INFO - 
================================================================================
2026-03-11 11:22:07,706 - INFO - LOADING DATASETS
2026-03-11 11:22:07,706 - INFO - ================================================================================
2026-03-11 11:22:07,706 - INFO - Loading dataset: archive/lra-pathfinder128-curv_contour_length_14.train.pickle
2026-03-11 11:22:13,725 - INFO -   Loaded 160000 examples
2026-03-11 11:22:13,725 - INFO - Loading dataset: archive/lra-pathfinder128-curv_contour_length_14.dev.pickle
2026-03-11 11:22:14,495 - INFO -   Loaded 20000 examples
2026-03-11 11:22:14,495 - INFO - Train: 160,000 | Val: 20,000
2026-03-11 11:22:14,495 - INFO - ================================================================================

2026-03-11 11:22:14,495 - INFO - ================================================================================
2026-03-11 11:22:14,495 - INFO - INITIALIZING MODEL
2026-03-11 11:22:14,495 - INFO - ================================================================================
2026-03-11 11:22:14,761 - INFO - Gradient checkpointing enabled — skipping torch.compile (AOT autograd overrides saved_tensors_hooks; eager mode required for correct memory release)
2026-03-11 11:22:14,762 - INFO - Parameters: 789,888
2026-03-11 11:22:14,762 - INFO - ================================================================================

2026-03-11 11:22:14,762 - INFO - CheckpointManager initialized:
2026-03-11 11:22:14,762 - INFO -   Directory: checkpoints_research
2026-03-11 11:22:14,762 - INFO -   Interval: 2.0 hours
2026-03-11 11:22:14,762 - INFO -   Keep last: 5 checkpoints
2026-03-11 11:22:29,656 - INFO - ✓ W&B initialized: https://wandb.ai/sanand_be22-thapar-university/tustin-mamba-pathx/runs/vpumo2zo
2026-03-11 11:22:29,693 - INFO - Loading checkpoint: checkpoints_research/checkpoint_step0_20260311_054725.pt
2026-03-11 11:22:29,696 - INFO - ✓ Loaded checkpoint from step 0
2026-03-11 11:22:29,696 - INFO -   Timestamp: 20260311_054725
2026-03-11 11:22:29,697 - INFO -   Wall-clock: 0.00h
2026-03-11 11:22:29,700 - INFO - ✓ Resumed from step 1
2026-03-11 11:22:29,700 - INFO - 
================================================================================
2026-03-11 11:22:29,700 - INFO - RESEARCH TRAINING START
2026-03-11 11:22:29,700 - INFO - ================================================================================
2026-03-11 11:22:29,700 - INFO - Model: ZOH mode
2026-03-11 11:22:29,701 - INFO - Parameters: 789,888
2026-03-11 11:22:29,701 - INFO - Device: cuda
2026-03-11 11:22:29,701 - INFO - Precision: bfloat16
2026-03-11 11:22:29,701 - INFO - Gradient checkpointing: True
2026-03-11 11:22:29,701 - INFO - Checkpoint interval: 2.0 hours
2026-03-11 11:22:29,701 - INFO - Research metrics: Stability=True, Discretization=True, Gradients=True
2026-03-11 11:22:29,702 - INFO - ================================================================================

2026-03-11 11:24:10,056 - INFO - iter    10 | loss 0.7012 | lr 5.00e-06 | 51799 tok/s | 9964.4 ms/step
2026-03-11 11:25:49,341 - INFO - iter    20 | loss 0.7319 | lr 1.00e-05 | 52274 tok/s | 9940.3 ms/step
2026-03-11 11:27:28,620 - INFO - iter    30 | loss 0.7271 | lr 1.50e-05 | 52445 tok/s | 9932.0 ms/step
2026-03-11 11:29:07,911 - INFO - iter    40 | loss 0.6963 | lr 2.00e-05 | 52532 tok/s | 9928.2 ms/step
2026-03-11 11:30:47,288 - INFO - iter    50 | loss 0.6953 | lr 2.50e-05 | 52576 tok/s | 9927.6 ms/step
2026-03-11 11:32:26,695 - INFO - iter    60 | loss 0.7090 | lr 3.00e-05 | 52603 tok/s | 9927.7 ms/step
2026-03-11 11:34:05,919 - INFO - iter    70 | loss 0.7046 | lr 3.50e-05 | 52636 tok/s | 9925.2 ms/step
2026-03-11 11:35:45,176 - INFO - iter    80 | loss 0.6982 | lr 4.00e-05 | 52659 tok/s | 9923.7 ms/step
2026-03-11 11:37:24,418 - INFO - iter    90 | loss 0.6992 | lr 4.50e-05 | 52678 tok/s | 9922.4 ms/step
2026-03-11 11:39:03,678 - INFO - iter   100 | loss 0.6836 | lr 5.00e-05 | 52692 tok/s | 9921.5 ms/step
2026-03-11 11:40:42,971 - INFO - iter   110 | loss 0.6836 | lr 5.50e-05 | 52702 tok/s | 9916.6 ms/step
2026-03-11 11:42:22,313 - INFO - iter   120 | loss 0.6943 | lr 6.00e-05 | 52708 tok/s | 9917.2 ms/step
2026-03-11 11:44:01,640 - INFO - iter   130 | loss 0.6943 | lr 6.50e-05 | 52714 tok/s | 9917.7 ms/step
2026-03-11 11:45:40,921 - INFO - iter   140 | loss 0.7085 | lr 7.00e-05 | 52720 tok/s | 9917.6 ms/step
2026-03-11 11:47:20,146 - INFO - iter   150 | loss 0.6992 | lr 7.50e-05 | 52728 tok/s | 9916.0 ms/step
2026-03-11 11:48:59,514 - INFO - iter   160 | loss 0.6919 | lr 8.00e-05 | 52730 tok/s | 9915.6 ms/step
2026-03-11 11:50:38,850 - INFO - iter   170 | loss 0.6787 | lr 8.50e-05 | 52733 tok/s | 9916.8 ms/step
2026-03-11 11:52:18,112 - INFO - iter   180 | loss 0.6816 | lr 9.00e-05 | 52738 tok/s | 9916.8 ms/step
2026-03-11 11:53:57,425 - INFO - iter   190 | loss 0.6963 | lr 9.50e-05 | 52741 tok/s | 9917.5 ms/step
2026-03-11 11:55:36,713 - INFO - iter   200 | loss 0.6963 | lr 1.00e-04 | 52744 tok/s | 9917.8 ms/step
2026-03-11 11:57:16,027 - INFO - iter   210 | loss 0.7280 | lr 1.05e-04 | 52746 tok/s | 9918.0 ms/step
2026-03-11 11:58:55,468 - INFO - iter   220 | loss 0.7036 | lr 1.10e-04 | 52745 tok/s | 9919.0 ms/step
2026-03-11 12:00:34,771 - INFO - iter   230 | loss 0.6841 | lr 1.15e-04 | 52747 tok/s | 9918.8 ms/step
2026-03-11 12:02:14,101 - INFO - iter   240 | loss 0.6909 | lr 1.20e-04 | 52749 tok/s | 9919.3 ms/step
2026-03-11 12:03:53,416 - INFO - iter   250 | loss 0.7017 | lr 1.25e-04 | 52750 tok/s | 9920.2 ms/step
2026-03-11 12:05:32,663 - INFO - iter   260 | loss 0.6851 | lr 1.30e-04 | 52753 tok/s | 9919.0 ms/step
2026-03-11 12:07:11,986 - INFO - iter   270 | loss 0.6929 | lr 1.35e-04 | 52755 tok/s | 9918.8 ms/step
2026-03-11 12:08:51,275 - INFO - iter   280 | loss 0.6938 | lr 1.40e-04 | 52756 tok/s | 9919.1 ms/step
2026-03-11 12:10:30,645 - INFO - iter   290 | loss 0.6890 | lr 1.45e-04 | 52756 tok/s | 9919.7 ms/step
2026-03-11 12:12:09,881 - INFO - iter   300 | loss 0.6963 | lr 1.50e-04 | 52759 tok/s | 9919.1 ms/step
2026-03-11 12:13:49,224 - INFO - iter   310 | loss 0.6875 | lr 1.55e-04 | 52760 tok/s | 9919.4 ms/step
2026-03-11 12:15:28,441 - INFO - iter   320 | loss 0.7021 | lr 1.60e-04 | 52762 tok/s | 9917.2 ms/step
2026-03-11 12:17:07,620 - INFO - iter   330 | loss 0.7075 | lr 1.65e-04 | 52765 tok/s | 9915.9 ms/step
2026-03-11 12:18:46,824 - INFO - iter   340 | loss 0.6929 | lr 1.70e-04 | 52768 tok/s | 9914.7 ms/step
2026-03-11 12:20:26,074 - INFO - iter   350 | loss 0.6919 | lr 1.75e-04 | 52769 tok/s | 9914.1 ms/step
2026-03-11 12:22:05,445 - INFO - iter   360 | loss 0.6938 | lr 1.80e-04 | 52769 tok/s | 9915.3 ms/step
2026-03-11 12:23:44,672 - INFO - iter   370 | loss 0.7051 | lr 1.85e-04 | 52771 tok/s | 9914.3 ms/step
2026-03-11 12:25:23,922 - INFO - iter   380 | loss 0.6929 | lr 1.90e-04 | 52772 tok/s | 9913.9 ms/step
2026-03-11 12:27:03,240 - INFO - iter   390 | loss 0.6899 | lr 1.95e-04 | 52773 tok/s | 9913.4 ms/step
2026-03-11 12:28:42,634 - INFO - iter   400 | loss 0.6992 | lr 2.00e-04 | 52772 tok/s | 9915.0 ms/step
2026-03-11 12:30:21,968 - INFO - iter   410 | loss 0.7402 | lr 2.05e-04 | 52772 tok/s | 9914.9 ms/step
2026-03-11 12:32:01,286 - INFO - iter   420 | loss 0.7109 | lr 2.10e-04 | 52773 tok/s | 9915.9 ms/step
2026-03-11 12:33:40,745 - INFO - iter   430 | loss 0.6924 | lr 2.15e-04 | 52771 tok/s | 9918.7 ms/step
2026-03-11 12:35:20,117 - INFO - iter   440 | loss 0.6948 | lr 2.20e-04 | 52771 tok/s | 9920.4 ms/step
2026-03-11 12:36:59,408 - INFO - iter   450 | loss 0.7295 | lr 2.25e-04 | 52772 tok/s | 9920.8 ms/step
2026-03-11 12:38:38,762 - INFO - iter   460 | loss 0.6685 | lr 2.30e-04 | 52772 tok/s | 9920.6 ms/step
2026-03-11 12:40:17,942 - INFO - iter   470 | loss 0.6294 | lr 2.35e-04 | 52774 tok/s | 9920.2 ms/step
2026-03-11 12:41:57,123 - INFO - iter   480 | loss 0.7354 | lr 2.40e-04 | 52775 tok/s | 9919.5 ms/step
2026-03-11 12:43:36,415 - INFO - iter   490 | loss 0.6958 | lr 2.45e-04 | 52776 tok/s | 9919.2 ms/step
2026-03-11 12:45:15,760 - INFO - iter   500 | loss 0.6924 | lr 2.50e-04 | 52776 tok/s | 9918.7 ms/step
2026-03-11 12:45:15,820 - INFO - 
--------------------------------------------------------------------------------
2026-03-11 12:45:15,820 - INFO - EVALUATION at iter 500
2026-03-11 12:45:15,820 - INFO - --------------------------------------------------------------------------------
2026-03-11 12:50:15,300 - INFO - Val loss: 0.6935 | Val accuracy: 0.4850
2026-03-11 12:50:18,300 - INFO - Spectral radius: 0.998994
2026-03-11 12:50:18,300 - INFO - Condition number: 1675.620585
2026-03-11 12:50:18,300 - INFO - ERF: 4576
2026-03-11 12:50:18,308 - WARNING - Discretization error analysis failed: not enough values to unpack (expected 2, got 1)
2026-03-11 12:50:18,309 - INFO - VRAM peak: 25360.9 MB
2026-03-11 12:50:18,309 - INFO - Evaluation time: 302.5s
2026-03-11 12:50:18,310 - INFO - --------------------------------------------------------------------------------

2026-03-11 12:50:18,344 - INFO - ✓ Saved BEST checkpoint: checkpoints_research/best_checkpoint.pt
2026-03-11 12:50:18,344 - INFO -   Step: 500, Val loss: N/A
2026-03-11 13:23:05,357 - INFO - ✓ Using CUDA GPU: NVIDIA H100 80GB HBM3 MIG 3g.40gb
2026-03-11 13:23:05,357 - INFO -   CUDA Memory: 42.28 GB
2026-03-11 13:23:05,357 - INFO - ✓ CUDA memory management configured:
2026-03-11 13:23:05,357 - INFO -   - Memory fraction: unset (MIG NVML limitation; 40 GB >> ~15 GB peak)
2026-03-11 13:23:05,357 - INFO -   - CuDNN benchmark: Enabled
2026-03-11 13:23:05,357 - INFO -   - TF32 (matmul + cuDNN): Enabled
2026-03-11 13:23:05,357 - INFO - ✓ Garbage collection optimized
2026-03-11 13:23:05,358 - INFO - 
================================================================================
2026-03-11 13:23:05,358 - INFO - LOADING DATASETS
2026-03-11 13:23:05,358 - INFO - ================================================================================
2026-03-11 13:23:05,358 - INFO - Loading dataset: archive/lra-pathfinder128-curv_contour_length_14.train.pickle
2026-03-11 13:23:11,079 - INFO -   Loaded 160000 examples
2026-03-11 13:23:11,080 - INFO - Loading dataset: archive/lra-pathfinder128-curv_contour_length_14.dev.pickle
2026-03-11 13:23:11,779 - INFO -   Loaded 20000 examples
2026-03-11 13:23:11,780 - INFO - Train: 160,000 | Val: 20,000
2026-03-11 13:23:11,780 - INFO - ================================================================================

2026-03-11 13:23:11,780 - INFO - ================================================================================
2026-03-11 13:23:11,780 - INFO - INITIALIZING MODEL
2026-03-11 13:23:11,780 - INFO - ================================================================================
2026-03-11 13:23:12,032 - INFO - Gradient checkpointing enabled — skipping torch.compile (AOT autograd overrides saved_tensors_hooks; eager mode required for correct memory release)
2026-03-11 13:23:12,032 - INFO - Parameters: 789,888
2026-03-11 13:23:12,032 - INFO - ================================================================================

2026-03-11 13:23:12,033 - INFO - CheckpointManager initialized:
2026-03-11 13:23:12,033 - INFO -   Directory: checkpoints_research
2026-03-11 13:23:12,033 - INFO -   Interval: 2.0 hours
2026-03-11 13:23:12,033 - INFO -   Keep last: 5 checkpoints
2026-03-11 13:23:16,188 - INFO - ✓ W&B initialized: https://wandb.ai/sanand_be22-thapar-university/tustin-mamba-pathx/runs/m76jz9ca
2026-03-11 13:23:16,226 - INFO - Loading checkpoint: checkpoints_research/checkpoint_step0_20260311_054725.pt
2026-03-11 13:23:16,229 - INFO - ✓ Loaded checkpoint from step 0
2026-03-11 13:23:16,229 - INFO -   Timestamp: 20260311_054725
2026-03-11 13:23:16,229 - INFO -   Wall-clock: 0.00h
2026-03-11 13:23:16,232 - INFO - ✓ Resumed from step 1
2026-03-11 13:23:16,232 - INFO - 
================================================================================
2026-03-11 13:23:16,232 - INFO - RESEARCH TRAINING START
2026-03-11 13:23:16,233 - INFO - ================================================================================
2026-03-11 13:23:16,233 - INFO - Model: ZOH mode
2026-03-11 13:23:16,233 - INFO - Parameters: 789,888
2026-03-11 13:23:16,233 - INFO - Device: cuda
2026-03-11 13:23:16,233 - INFO - Precision: bfloat16
2026-03-11 13:23:16,233 - INFO - Gradient checkpointing: True
2026-03-11 13:23:16,233 - INFO - Checkpoint interval: 2.0 hours
2026-03-11 13:23:16,233 - INFO - Research metrics: Stability=True, Discretization=True, Gradients=True
2026-03-11 13:23:16,234 - INFO - ================================================================================

2026-03-11 13:24:53,456 - INFO - iter    10 | loss 0.7012 | lr 5.00e-06 | 53298 tok/s | 9652.1 ms/step
2026-03-11 13:26:29,780 - INFO - iter    20 | loss 0.7319 | lr 1.00e-05 | 53831 tok/s | 9633.5 ms/step
2026-03-11 13:28:06,103 - INFO - iter    30 | loss 0.7271 | lr 1.50e-05 | 54023 tok/s | 9627.3 ms/step
2026-03-11 13:29:42,428 - INFO - iter    40 | loss 0.6963 | lr 2.00e-05 | 54121 tok/s | 9624.2 ms/step
2026-03-11 13:31:18,750 - INFO - iter    50 | loss 0.6953 | lr 2.50e-05 | 54182 tok/s | 9622.3 ms/step
2026-03-11 13:32:55,075 - INFO - iter    60 | loss 0.7090 | lr 3.00e-05 | 54222 tok/s | 9621.1 ms/step
2026-03-11 13:34:31,397 - INFO - iter    70 | loss 0.7046 | lr 3.50e-05 | 54251 tok/s | 9620.2 ms/step
2026-03-11 13:36:07,722 - INFO - iter    80 | loss 0.6982 | lr 4.00e-05 | 54273 tok/s | 9619.6 ms/step
2026-03-11 13:37:44,044 - INFO - iter    90 | loss 0.6992 | lr 4.50e-05 | 54291 tok/s | 9619.0 ms/step
2026-03-11 13:39:20,369 - INFO - iter   100 | loss 0.6836 | lr 5.00e-05 | 54304 tok/s | 9618.6 ms/step
2026-03-11 13:40:56,721 - INFO - iter   110 | loss 0.6836 | lr 5.50e-05 | 54314 tok/s | 9615.1 ms/step
2026-03-11 13:42:33,060 - INFO - iter   120 | loss 0.6943 | lr 6.00e-05 | 54323 tok/s | 9615.2 ms/step
2026-03-11 13:44:09,394 - INFO - iter   130 | loss 0.6938 | lr 6.50e-05 | 54331 tok/s | 9615.4 ms/step
2026-03-11 13:45:45,732 - INFO - iter   140 | loss 0.7085 | lr 7.00e-05 | 54337 tok/s | 9615.5 ms/step
2026-03-11 13:47:22,067 - INFO - iter   150 | loss 0.6992 | lr 7.50e-05 | 54343 tok/s | 9615.6 ms/step
2026-03-11 13:48:58,405 - INFO - iter   160 | loss 0.6919 | lr 8.00e-05 | 54348 tok/s | 9615.7 ms/step
2026-03-11 13:50:34,741 - INFO - iter   170 | loss 0.6787 | lr 8.50e-05 | 54352 tok/s | 9615.9 ms/step
2026-03-11 13:52:11,077 - INFO - iter   180 | loss 0.6816 | lr 9.00e-05 | 54356 tok/s | 9616.0 ms/step
2026-03-11 13:53:47,409 - INFO - iter   190 | loss 0.6963 | lr 9.50e-05 | 54360 tok/s | 9616.1 ms/step
2026-03-11 13:55:23,746 - INFO - iter   200 | loss 0.6963 | lr 1.00e-04 | 54363 tok/s | 9616.2 ms/step
2026-03-11 13:57:00,099 - INFO - iter   210 | loss 0.7280 | lr 1.05e-04 | 54365 tok/s | 9616.2 ms/step
2026-03-11 13:58:36,437 - INFO - iter   220 | loss 0.7036 | lr 1.10e-04 | 54368 tok/s | 9616.2 ms/step
2026-03-11 14:00:12,774 - INFO - iter   230 | loss 0.6841 | lr 1.15e-04 | 54370 tok/s | 9616.3 ms/step
2026-03-11 14:01:49,112 - INFO - iter   240 | loss 0.6909 | lr 1.20e-04 | 54372 tok/s | 9616.3 ms/step
2026-03-11 14:03:25,447 - INFO - iter   250 | loss 0.7017 | lr 1.25e-04 | 54374 tok/s | 9616.3 ms/step
2026-03-11 14:05:01,783 - INFO - iter   260 | loss 0.6851 | lr 1.30e-04 | 54376 tok/s | 9616.3 ms/step
2026-03-11 14:06:38,119 - INFO - iter   270 | loss 0.6929 | lr 1.35e-04 | 54378 tok/s | 9616.3 ms/step
2026-03-11 14:08:14,483 - INFO - iter   280 | loss 0.6938 | lr 1.40e-04 | 54379 tok/s | 9616.5 ms/step
2026-03-11 14:09:50,819 - INFO - iter   290 | loss 0.6890 | lr 1.45e-04 | 54380 tok/s | 9616.6 ms/step
2026-03-11 14:11:27,156 - INFO - iter   300 | loss 0.6963 | lr 1.50e-04 | 54382 tok/s | 9616.6 ms/step
2026-03-11 14:13:03,511 - INFO - iter   310 | loss 0.6875 | lr 1.55e-04 | 54383 tok/s | 9616.6 ms/step
2026-03-11 14:14:39,848 - INFO - iter   320 | loss 0.7012 | lr 1.60e-04 | 54384 tok/s | 9616.6 ms/step
2026-03-11 14:16:16,185 - INFO - iter   330 | loss 0.7080 | lr 1.65e-04 | 54385 tok/s | 9616.6 ms/step
2026-03-11 14:17:52,524 - INFO - iter   340 | loss 0.6924 | lr 1.70e-04 | 54386 tok/s | 9616.6 ms/step
2026-03-11 14:19:28,862 - INFO - iter   350 | loss 0.6914 | lr 1.75e-04 | 54387 tok/s | 9616.6 ms/step
2026-03-11 14:21:05,201 - INFO - iter   360 | loss 0.6943 | lr 1.80e-04 | 54388 tok/s | 9616.6 ms/step
2026-03-11 14:22:41,538 - INFO - iter   370 | loss 0.7046 | lr 1.85e-04 | 54389 tok/s | 9616.6 ms/step
2026-03-11 14:24:17,878 - INFO - iter   380 | loss 0.6934 | lr 1.90e-04 | 54390 tok/s | 9616.4 ms/step
2026-03-11 14:25:54,218 - INFO - iter   390 | loss 0.6890 | lr 1.95e-04 | 54391 tok/s | 9616.4 ms/step
2026-03-11 14:27:30,558 - INFO - iter   400 | loss 0.6992 | lr 2.00e-04 | 54391 tok/s | 9616.4 ms/step
2026-03-11 14:29:06,912 - INFO - iter   410 | loss 0.7402 | lr 2.05e-04 | 54392 tok/s | 9616.5 ms/step
2026-03-11 14:30:43,249 - INFO - iter   420 | loss 0.7114 | lr 2.10e-04 | 54393 tok/s | 9616.5 ms/step
2026-03-11 14:32:19,584 - INFO - iter   430 | loss 0.6924 | lr 2.15e-04 | 54393 tok/s | 9616.5 ms/step
2026-03-11 14:33:55,923 - INFO - iter   440 | loss 0.6948 | lr 2.20e-04 | 54394 tok/s | 9616.4 ms/step
2026-03-11 14:35:32,259 - INFO - iter   450 | loss 0.7295 | lr 2.25e-04 | 54395 tok/s | 9616.4 ms/step
2026-03-11 14:37:08,598 - INFO - iter   460 | loss 0.6694 | lr 2.30e-04 | 54395 tok/s | 9616.4 ms/step
2026-03-11 14:38:44,936 - INFO - iter   470 | loss 0.6294 | lr 2.35e-04 | 54396 tok/s | 9616.4 ms/step
2026-03-11 14:40:21,274 - INFO - iter   480 | loss 0.7354 | lr 2.40e-04 | 54396 tok/s | 9616.4 ms/step
2026-03-11 14:41:57,610 - INFO - iter   490 | loss 0.6953 | lr 2.45e-04 | 54397 tok/s | 9616.4 ms/step
2026-03-11 14:43:33,951 - INFO - iter   500 | loss 0.6924 | lr 2.50e-04 | 54397 tok/s | 9616.4 ms/step
2026-03-11 14:43:33,963 - INFO - 
--------------------------------------------------------------------------------
2026-03-11 14:43:33,963 - INFO - EVALUATION at iter 500
2026-03-11 14:43:33,963 - INFO - --------------------------------------------------------------------------------
2026-03-11 14:48:33,405 - INFO - Val loss: 0.6934 | Val accuracy: 0.4850
2026-03-11 14:48:36,404 - INFO - Spectral radius: 0.998994
2026-03-11 14:48:36,405 - INFO - Condition number: 1675.605692
2026-03-11 14:48:36,405 - INFO - ERF: 4576
2026-03-11 14:48:36,413 - WARNING - Discretization error analysis failed: not enough values to unpack (expected 2, got 1)
2026-03-11 14:48:36,414 - INFO - VRAM peak: 25514.0 MB
2026-03-11 14:48:36,414 - INFO - Evaluation time: 302.5s
2026-03-11 14:48:36,414 - INFO - --------------------------------------------------------------------------------

2026-03-11 14:48:36,449 - INFO - ✓ Saved BEST checkpoint: checkpoints_research/best_checkpoint.pt
2026-03-11 14:48:36,449 - INFO -   Step: 500, Val loss: N/A
2026-03-11 16:21:50,629 - INFO - ✓ Using CUDA GPU: NVIDIA H100 80GB HBM3 MIG 3g.40gb
2026-03-11 16:21:50,629 - INFO -   CUDA Memory: 42.28 GB
2026-03-11 16:21:50,629 - INFO - ✓ CUDA memory management configured:
2026-03-11 16:21:50,629 - INFO -   - Memory fraction: unset (MIG NVML limitation; 40 GB >> ~15 GB peak)
2026-03-11 16:21:50,629 - INFO -   - CuDNN benchmark: Enabled
2026-03-11 16:21:50,629 - INFO -   - TF32 (matmul + cuDNN): Enabled
2026-03-11 16:21:50,629 - INFO - ✓ Garbage collection optimized
2026-03-11 16:21:50,630 - INFO - 
================================================================================
2026-03-11 16:21:50,630 - INFO - LOADING DATASETS
2026-03-11 16:21:50,630 - INFO - ================================================================================
2026-03-11 16:21:50,630 - INFO - Loading dataset: archive/lra-pathfinder128-curv_contour_length_14.train.pickle
2026-03-11 16:21:56,453 - INFO -   Loaded 160000 examples
2026-03-11 16:21:56,454 - INFO - Loading dataset: archive/lra-pathfinder128-curv_contour_length_14.dev.pickle
2026-03-11 16:21:57,177 - INFO -   Loaded 20000 examples
2026-03-11 16:21:57,177 - INFO - Train: 160,000 | Val: 20,000
2026-03-11 16:21:57,177 - INFO - ================================================================================

2026-03-11 16:21:57,178 - INFO - ================================================================================
2026-03-11 16:21:57,178 - INFO - INITIALIZING MODEL
2026-03-11 16:21:57,178 - INFO - ================================================================================
2026-03-11 16:21:57,509 - INFO - Gradient checkpointing enabled — skipping torch.compile (AOT autograd overrides saved_tensors_hooks; eager mode required for correct memory release)
2026-03-11 16:21:57,510 - INFO - Parameters: 789,888
2026-03-11 16:21:57,510 - INFO - ================================================================================

2026-03-11 16:21:57,510 - INFO - CheckpointManager initialized:
2026-03-11 16:21:57,510 - INFO -   Directory: checkpoints_research
2026-03-11 16:21:57,510 - INFO -   Interval: 2.0 hours
2026-03-11 16:21:57,510 - INFO -   Keep last: 5 checkpoints
2026-03-11 16:22:02,701 - INFO - ✓ W&B initialized: https://wandb.ai/sanand_be22-thapar-university/zoh-mamba-pathx/runs/v9p8u7f3
2026-03-11 16:22:02,738 - INFO - Loading checkpoint: checkpoints_research/checkpoint_step0_20260311_054725.pt
2026-03-11 16:22:02,741 - INFO - ✓ Loaded checkpoint from step 0
2026-03-11 16:22:02,741 - INFO -   Timestamp: 20260311_054725
2026-03-11 16:22:02,742 - INFO -   Wall-clock: 0.00h
2026-03-11 16:22:02,744 - INFO - ✓ Resumed from step 1
2026-03-11 16:22:02,744 - INFO - 
================================================================================
2026-03-11 16:22:02,745 - INFO - RESEARCH TRAINING START
2026-03-11 16:22:02,745 - INFO - ================================================================================
2026-03-11 16:22:02,745 - INFO - Model: ZOH mode
2026-03-11 16:22:02,745 - INFO - Parameters: 789,888
2026-03-11 16:22:02,746 - INFO - Device: cuda
2026-03-11 16:22:02,746 - INFO - Precision: bfloat16
2026-03-11 16:22:02,746 - INFO - Gradient checkpointing: True
2026-03-11 16:22:02,746 - INFO - Checkpoint interval: 2.0 hours
2026-03-11 16:22:02,746 - INFO - Research metrics: Stability=True, Discretization=True, Gradients=True
2026-03-11 16:22:02,746 - INFO - ================================================================================

2026-03-11 16:23:30,948 - INFO - iter    10 | loss 0.7012 | lr 5.00e-06 | 58146 tok/s | 8754.3 ms/step
2026-03-11 16:24:58,277 - INFO - iter    20 | loss 0.7319 | lr 1.00e-05 | 59031 tok/s | 8739.9 ms/step
2026-03-11 16:26:25,604 - INFO - iter    30 | loss 0.7271 | lr 1.50e-05 | 59352 tok/s | 8735.1 ms/step
2026-03-11 16:27:52,930 - INFO - iter    40 | loss 0.6963 | lr 2.00e-05 | 59517 tok/s | 8732.6 ms/step
2026-03-11 16:29:20,254 - INFO - iter    50 | loss 0.6953 | lr 2.50e-05 | 59619 tok/s | 8731.1 ms/step
2026-03-11 16:30:47,580 - INFO - iter    60 | loss 0.7090 | lr 3.00e-05 | 59687 tok/s | 8730.2 ms/step
2026-03-11 16:32:14,904 - INFO - iter    70 | loss 0.7046 | lr 3.50e-05 | 59737 tok/s | 8729.4 ms/step
2026-03-11 16:33:42,232 - INFO - iter    80 | loss 0.6982 | lr 4.00e-05 | 59774 tok/s | 8728.9 ms/step
2026-03-11 16:35:09,555 - INFO - iter    90 | loss 0.6992 | lr 4.50e-05 | 59803 tok/s | 8728.5 ms/step
2026-03-11 16:36:36,882 - INFO - iter   100 | loss 0.6836 | lr 5.00e-05 | 59826 tok/s | 8728.2 ms/step
2026-03-11 16:38:04,249 - INFO - iter   110 | loss 0.6836 | lr 5.50e-05 | 59842 tok/s | 8725.3 ms/step
2026-03-11 16:39:31,573 - INFO - iter   120 | loss 0.6943 | lr 6.00e-05 | 59859 tok/s | 8725.2 ms/step
2026-03-11 16:40:58,894 - INFO - iter   130 | loss 0.6938 | lr 6.50e-05 | 59873 tok/s | 8725.1 ms/step
2026-03-11 16:42:26,218 - INFO - iter   140 | loss 0.7085 | lr 7.00e-05 | 59884 tok/s | 8725.1 ms/step
2026-03-11 16:43:53,538 - INFO - iter   150 | loss 0.6992 | lr 7.50e-05 | 59895 tok/s | 8725.1 ms/step
2026-03-11 16:45:20,861 - INFO - iter   160 | loss 0.6919 | lr 8.00e-05 | 59904 tok/s | 8725.0 ms/step
2026-03-11 16:46:48,182 - INFO - iter   170 | loss 0.6787 | lr 8.50e-05 | 59912 tok/s | 8725.0 ms/step
2026-03-11 16:48:15,505 - INFO - iter   180 | loss 0.6816 | lr 9.00e-05 | 59919 tok/s | 8725.0 ms/step
2026-03-11 16:49:42,823 - INFO - iter   190 | loss 0.6963 | lr 9.50e-05 | 59925 tok/s | 8724.9 ms/step
2026-03-11 16:51:10,147 - INFO - iter   200 | loss 0.6963 | lr 1.00e-04 | 59931 tok/s | 8724.9 ms/step
2026-03-11 16:52:37,478 - INFO - iter   210 | loss 0.7280 | lr 1.05e-04 | 59936 tok/s | 8724.9 ms/step
2026-03-11 16:54:04,801 - INFO - iter   220 | loss 0.7036 | lr 1.10e-04 | 59941 tok/s | 8724.9 ms/step
2026-03-11 16:55:32,121 - INFO - iter   230 | loss 0.6841 | lr 1.15e-04 | 59945 tok/s | 8724.9 ms/step
2026-03-11 16:56:59,444 - INFO - iter   240 | loss 0.6914 | lr 1.20e-04 | 59949 tok/s | 8724.9 ms/step
2026-03-11 16:58:26,766 - INFO - iter   250 | loss 0.7017 | lr 1.25e-04 | 59953 tok/s | 8724.9 ms/step
2026-03-11 16:59:54,089 - INFO - iter   260 | loss 0.6851 | lr 1.30e-04 | 59956 tok/s | 8724.9 ms/step
2026-03-11 17:01:21,409 - INFO - iter   270 | loss 0.6938 | lr 1.35e-04 | 59959 tok/s | 8724.9 ms/step
2026-03-11 17:02:48,770 - INFO - iter   280 | loss 0.6934 | lr 1.40e-04 | 59961 tok/s | 8725.3 ms/step
2026-03-11 17:04:16,091 - INFO - iter   290 | loss 0.6885 | lr 1.45e-04 | 59964 tok/s | 8725.3 ms/step
2026-03-11 17:05:43,415 - INFO - iter   300 | loss 0.6958 | lr 1.50e-04 | 59966 tok/s | 8725.3 ms/step
2026-03-11 17:07:10,750 - INFO - iter   310 | loss 0.6875 | lr 1.55e-04 | 59969 tok/s | 8725.3 ms/step
2026-03-11 17:08:38,075 - INFO - iter   320 | loss 0.7012 | lr 1.60e-04 | 59971 tok/s | 8725.3 ms/step
2026-03-11 17:10:05,399 - INFO - iter   330 | loss 0.7080 | lr 1.65e-04 | 59973 tok/s | 8725.4 ms/step
2026-03-11 17:11:32,724 - INFO - iter   340 | loss 0.6938 | lr 1.70e-04 | 59975 tok/s | 8725.4 ms/step
2026-03-11 17:13:00,046 - INFO - iter   350 | loss 0.6919 | lr 1.75e-04 | 59977 tok/s | 8725.4 ms/step
2026-03-11 17:14:27,369 - INFO - iter   360 | loss 0.6938 | lr 1.80e-04 | 59978 tok/s | 8725.4 ms/step
2026-03-11 17:15:54,711 - INFO - iter   370 | loss 0.7046 | lr 1.85e-04 | 59980 tok/s | 8725.4 ms/step
2026-03-11 17:17:22,035 - INFO - iter   380 | loss 0.6934 | lr 1.90e-04 | 59981 tok/s | 8725.0 ms/step
2026-03-11 17:18:49,357 - INFO - iter   390 | loss 0.6890 | lr 1.95e-04 | 59983 tok/s | 8725.0 ms/step
2026-03-11 17:20:16,681 - INFO - iter   400 | loss 0.6987 | lr 2.00e-04 | 59984 tok/s | 8725.0 ms/step
2026-03-11 17:21:44,013 - INFO - iter   410 | loss 0.7402 | lr 2.05e-04 | 59985 tok/s | 8725.0 ms/step
2026-03-11 17:23:11,336 - INFO - iter   420 | loss 0.7104 | lr 2.10e-04 | 59987 tok/s | 8725.0 ms/step
2026-03-11 17:24:38,659 - INFO - iter   430 | loss 0.6919 | lr 2.15e-04 | 59988 tok/s | 8725.0 ms/step
2026-03-11 17:26:05,984 - INFO - iter   440 | loss 0.6953 | lr 2.20e-04 | 59989 tok/s | 8725.0 ms/step
2026-03-11 17:27:33,307 - INFO - iter   450 | loss 0.7290 | lr 2.25e-04 | 59990 tok/s | 8725.0 ms/step
2026-03-11 17:29:00,632 - INFO - iter   460 | loss 0.6689 | lr 2.30e-04 | 59991 tok/s | 8725.0 ms/step
2026-03-11 17:30:27,954 - INFO - iter   470 | loss 0.6304 | lr 2.35e-04 | 59992 tok/s | 8725.0 ms/step
2026-03-11 17:31:55,278 - INFO - iter   480 | loss 0.7354 | lr 2.40e-04 | 59993 tok/s | 8725.0 ms/step
2026-03-11 17:33:22,598 - INFO - iter   490 | loss 0.6958 | lr 2.45e-04 | 59994 tok/s | 8725.0 ms/step
2026-03-11 17:34:49,923 - INFO - iter   500 | loss 0.6924 | lr 2.50e-04 | 59995 tok/s | 8725.0 ms/step
2026-03-11 17:34:50,005 - INFO - 
--------------------------------------------------------------------------------
2026-03-11 17:34:50,005 - INFO - EVALUATION at iter 500
2026-03-11 17:34:50,005 - INFO - --------------------------------------------------------------------------------
2026-03-11 17:39:16,420 - INFO - Val loss: 0.6935 | Val accuracy: 0.4850
2026-03-11 17:39:19,098 - INFO - Spectral radius: 0.999179
2026-03-11 17:39:19,098 - INFO - Condition number: 1674.650864
2026-03-11 17:39:19,098 - INFO - ERF: 4423
2026-03-11 17:39:19,154 - INFO - L2 error (vs RK4): 0.000000
2026-03-11 17:39:19,155 - INFO - VRAM peak (eval window): 15179.3 MB
2026-03-11 17:39:19,155 - INFO - Evaluation time: 269.1s
2026-03-11 17:39:19,155 - INFO - --------------------------------------------------------------------------------

2026-03-11 17:39:19,192 - INFO - ✓ Saved BEST checkpoint: checkpoints_research/best_checkpoint.pt
2026-03-11 17:39:19,192 - INFO -   Step: 500, Val loss: N/A
2026-03-11 17:40:46,632 - INFO - iter   510 | loss 0.7231 | lr 2.55e-04 | 56583 tok/s | 8725.0 ms/step
2026-03-11 17:42:13,958 - INFO - iter   520 | loss 0.7544 | lr 2.60e-04 | 56645 tok/s | 8725.0 ms/step
2026-03-11 17:43:41,281 - INFO - iter   530 | loss 0.7207 | lr 2.65e-04 | 56706 tok/s | 8725.0 ms/step
2026-03-11 17:45:08,605 - INFO - iter   540 | loss 0.6943 | lr 2.70e-04 | 56764 tok/s | 8725.0 ms/step
2026-03-11 17:46:35,927 - INFO - iter   550 | loss 0.6777 | lr 2.75e-04 | 56820 tok/s | 8725.0 ms/step
2026-03-11 17:48:03,252 - INFO - iter   560 | loss 0.7266 | lr 2.80e-04 | 56874 tok/s | 8725.0 ms/step
2026-03-11 17:49:30,573 - INFO - iter   570 | loss 0.7012 | lr 2.85e-04 | 56927 tok/s | 8725.0 ms/step
2026-03-11 17:50:57,898 - INFO - iter   580 | loss 0.7080 | lr 2.90e-04 | 56978 tok/s | 8725.0 ms/step
2026-03-11 17:52:25,221 - INFO - iter   590 | loss 0.6958 | lr 2.95e-04 | 57027 tok/s | 8725.1 ms/step
2026-03-11 17:53:52,547 - INFO - iter   600 | loss 0.6772 | lr 3.00e-04 | 57075 tok/s | 8725.1 ms/step
2026-03-11 17:55:19,883 - INFO - iter   610 | loss 0.6763 | lr 3.05e-04 | 57121 tok/s | 8725.1 ms/step
2026-03-11 17:56:47,210 - INFO - iter   620 | loss 0.6562 | lr 3.10e-04 | 57165 tok/s | 8725.2 ms/step
2026-03-11 17:58:14,534 - INFO - iter   630 | loss 0.6792 | lr 3.15e-04 | 57209 tok/s | 8725.2 ms/step
2026-03-11 17:59:41,860 - INFO - iter   640 | loss 0.6963 | lr 3.20e-04 | 57251 tok/s | 8725.2 ms/step
2026-03-11 18:01:09,185 - INFO - iter   650 | loss 0.6699 | lr 3.25e-04 | 57292 tok/s | 8725.2 ms/step
2026-03-11 18:02:36,512 - INFO - iter   660 | loss 0.7510 | lr 3.30e-04 | 57331 tok/s | 8725.2 ms/step
2026-03-11 18:04:03,838 - INFO - iter   670 | loss 0.6411 | lr 3.35e-04 | 57370 tok/s | 8725.3 ms/step
2026-03-11 18:05:31,165 - INFO - iter   680 | loss 0.6768 | lr 3.40e-04 | 57407 tok/s | 8725.3 ms/step
2026-03-11 18:06:58,489 - INFO - iter   690 | loss 0.6943 | lr 3.45e-04 | 57444 tok/s | 8725.3 ms/step
2026-03-11 18:08:25,818 - INFO - iter   700 | loss 0.6831 | lr 3.50e-04 | 57479 tok/s | 8725.3 ms/step
2026-03-11 18:09:53,150 - INFO - iter   710 | loss 0.6948 | lr 3.55e-04 | 57514 tok/s | 8725.3 ms/step
2026-03-11 18:11:20,477 - INFO - iter   720 | loss 0.7354 | lr 3.60e-04 | 57547 tok/s | 8725.3 ms/step
2026-03-11 18:12:47,800 - INFO - iter   730 | loss 0.7437 | lr 3.65e-04 | 57580 tok/s | 8725.3 ms/step
2026-03-11 18:14:15,126 - INFO - iter   740 | loss 0.7349 | lr 3.70e-04 | 57612 tok/s | 8725.3 ms/step
2026-03-11 18:15:42,448 - INFO - iter   750 | loss 0.6421 | lr 3.75e-04 | 57643 tok/s | 8725.2 ms/step
2026-03-11 18:17:09,773 - INFO - iter   760 | loss 0.6802 | lr 3.80e-04 | 57673 tok/s | 8725.2 ms/step
2026-03-11 18:18:37,096 - INFO - iter   770 | loss 0.7236 | lr 3.85e-04 | 57703 tok/s | 8725.2 ms/step
2026-03-11 18:20:04,421 - INFO - iter   780 | loss 0.7329 | lr 3.90e-04 | 57731 tok/s | 8725.2 ms/step
2026-03-11 18:21:31,743 - INFO - iter   790 | loss 0.7285 | lr 3.95e-04 | 57759 tok/s | 8725.1 ms/step
2026-03-11 18:22:06,708 - INFO - ✓ Saved checkpoint: checkpoints_research/checkpoint_step794_20260311_182206.pt
2026-03-11 18:22:06,708 - INFO -   Step: 794, Wall-clock: 2.00h
2026-03-11 18:22:59,128 - INFO - iter   800 | loss 0.6973 | lr 4.00e-04 | 57786 tok/s | 8724.5 ms/step
2026-03-11 18:24:26,462 - INFO - iter   810 | loss 0.6929 | lr 4.05e-04 | 57813 tok/s | 8724.5 ms/step
2026-03-11 18:25:53,790 - INFO - iter   820 | loss 0.7085 | lr 4.10e-04 | 57839 tok/s | 8724.5 ms/step
2026-03-11 18:27:21,113 - INFO - iter   830 | loss 0.6865 | lr 4.15e-04 | 57865 tok/s | 8724.5 ms/step
2026-03-11 18:28:48,439 - INFO - iter   840 | loss 0.7026 | lr 4.20e-04 | 57890 tok/s | 8724.5 ms/step
2026-03-11 18:30:15,763 - INFO - iter   850 | loss 0.6855 | lr 4.25e-04 | 57914 tok/s | 8724.5 ms/step
2026-03-11 18:31:43,090 - INFO - iter   860 | loss 0.6855 | lr 4.30e-04 | 57938 tok/s | 8724.5 ms/step
2026-03-11 18:33:10,413 - INFO - iter   870 | loss 0.6963 | lr 4.35e-04 | 57961 tok/s | 8724.5 ms/step
2026-03-11 18:34:37,736 - INFO - iter   880 | loss 0.6919 | lr 4.40e-04 | 57984 tok/s | 8724.5 ms/step
2026-03-11 18:36:05,057 - INFO - iter   890 | loss 0.6948 | lr 4.45e-04 | 58006 tok/s | 8724.5 ms/step
2026-03-11 18:37:32,380 - INFO - iter   900 | loss 0.6968 | lr 4.50e-04 | 58028 tok/s | 8725.1 ms/step
2026-03-11 18:38:59,712 - INFO - iter   910 | loss 0.6909 | lr 4.55e-04 | 58049 tok/s | 8725.1 ms/step
2026-03-11 18:40:27,037 - INFO - iter   920 | loss 0.7070 | lr 4.60e-04 | 58070 tok/s | 8725.1 ms/step
2026-03-11 18:41:54,358 - INFO - iter   930 | loss 0.7124 | lr 4.65e-04 | 58091 tok/s | 8725.1 ms/step
2026-03-11 18:43:21,703 - INFO - iter   940 | loss 0.7158 | lr 4.70e-04 | 58111 tok/s | 8725.2 ms/step
2026-03-11 18:44:49,026 - INFO - iter   950 | loss 0.7373 | lr 4.75e-04 | 58130 tok/s | 8725.2 ms/step
2026-03-11 18:46:16,352 - INFO - iter   960 | loss 0.7109 | lr 4.80e-04 | 58149 tok/s | 8725.2 ms/step
2026-03-11 18:47:43,675 - INFO - iter   970 | loss 0.7085 | lr 4.85e-04 | 58168 tok/s | 8725.2 ms/step
2026-03-11 18:49:11,002 - INFO - iter   980 | loss 0.6895 | lr 4.90e-04 | 58187 tok/s | 8725.3 ms/step
2026-03-11 18:50:38,324 - INFO - iter   990 | loss 0.6841 | lr 4.95e-04 | 58205 tok/s | 8725.3 ms/step
2026-03-11 18:52:05,649 - INFO - iter  1000 | loss 0.6943 | lr 5.00e-04 | 58223 tok/s | 8725.3 ms/step
2026-03-11 18:52:05,655 - INFO - 
--------------------------------------------------------------------------------
2026-03-11 18:52:05,655 - INFO - EVALUATION at iter 1000
2026-03-11 18:52:05,655 - INFO - --------------------------------------------------------------------------------
2026-03-11 18:56:31,543 - INFO - Val loss: 0.6966 | Val accuracy: 0.4850
2026-03-11 18:56:34,194 - INFO - Spectral radius: 0.999205
2026-03-11 18:56:34,195 - INFO - Condition number: 1811.807536
2026-03-11 18:56:34,195 - INFO - ERF: 4676
2026-03-11 18:56:34,248 - INFO - L2 error (vs RK4): 0.000000
2026-03-11 18:56:34,249 - INFO - VRAM peak (eval window): 15179.3 MB
2026-03-11 18:56:34,249 - INFO - Evaluation time: 268.6s
2026-03-11 18:56:34,249 - INFO - --------------------------------------------------------------------------------

2026-03-11 18:58:01,668 - INFO - iter  1010 | loss 0.7471 | lr 5.00e-04 | 56570 tok/s | 8725.3 ms/step
2026-03-11 18:59:28,990 - INFO - iter  1020 | loss 0.7095 | lr 5.00e-04 | 56602 tok/s | 8725.2 ms/step
2026-03-11 19:00:56,310 - INFO - iter  1030 | loss 0.6978 | lr 5.00e-04 | 56633 tok/s | 8725.2 ms/step
2026-03-11 19:02:23,636 - INFO - iter  1040 | loss 0.6777 | lr 5.00e-04 | 56664 tok/s | 8725.0 ms/step
2026-03-11 19:03:50,957 - INFO - iter  1050 | loss 0.5908 | lr 5.00e-04 | 56695 tok/s | 8725.0 ms/step
2026-03-11 19:05:18,280 - INFO - iter  1060 | loss 0.7178 | lr 5.00e-04 | 56724 tok/s | 8725.0 ms/step
2026-03-11 19:06:45,601 - INFO - iter  1070 | loss 0.7095 | lr 5.00e-04 | 56754 tok/s | 8724.9 ms/step
2026-03-11 19:08:12,922 - INFO - iter  1080 | loss 0.6973 | lr 5.00e-04 | 56783 tok/s | 8724.9 ms/step
2026-03-11 19:09:40,244 - INFO - iter  1090 | loss 0.6958 | lr 5.00e-04 | 56811 tok/s | 8724.9 ms/step
2026-03-11 19:11:07,567 - INFO - iter  1100 | loss 0.7026 | lr 5.00e-04 | 56839 tok/s | 8724.8 ms/step
2026-03-11 19:12:34,902 - INFO - iter  1110 | loss 0.6836 | lr 5.00e-04 | 56866 tok/s | 8724.9 ms/step
2026-03-11 19:14:02,227 - INFO - iter  1120 | loss 0.7056 | lr 5.00e-04 | 56893 tok/s | 8725.0 ms/step
2026-03-11 19:15:29,550 - INFO - iter  1130 | loss 0.6948 | lr 5.00e-04 | 56919 tok/s | 8725.0 ms/step
2026-03-11 19:16:56,876 - INFO - iter  1140 | loss 0.6758 | lr 5.00e-04 | 56945 tok/s | 8725.0 ms/step
2026-03-11 19:18:24,199 - INFO - iter  1150 | loss 0.6973 | lr 5.00e-04 | 56970 tok/s | 8725.0 ms/step
2026-03-11 19:19:51,526 - INFO - iter  1160 | loss 0.6772 | lr 5.00e-04 | 56995 tok/s | 8725.0 ms/step
2026-03-11 19:21:18,849 - INFO - iter  1170 | loss 0.6943 | lr 5.00e-04 | 57020 tok/s | 8725.1 ms/step
2026-03-11 19:22:46,175 - INFO - iter  1180 | loss 0.6929 | lr 5.00e-04 | 57044 tok/s | 8725.1 ms/step
2026-03-11 19:24:13,498 - INFO - iter  1190 | loss 0.7012 | lr 5.00e-04 | 57068 tok/s | 8725.1 ms/step
2026-03-11 19:25:40,822 - INFO - iter  1200 | loss 0.7090 | lr 5.00e-04 | 57092 tok/s | 8725.1 ms/step
2026-03-11 19:27:08,153 - INFO - iter  1210 | loss 0.6821 | lr 5.00e-04 | 57115 tok/s | 8725.1 ms/step
2026-03-11 19:28:35,476 - INFO - iter  1220 | loss 0.6953 | lr 5.00e-04 | 57138 tok/s | 8725.1 ms/step
2026-03-11 19:30:02,796 - INFO - iter  1230 | loss 0.7021 | lr 5.00e-04 | 57160 tok/s | 8725.1 ms/step
2026-03-11 19:31:30,119 - INFO - iter  1240 | loss 0.6963 | lr 5.00e-04 | 57182 tok/s | 8725.0 ms/step
2026-03-11 19:32:57,441 - INFO - iter  1250 | loss 0.6890 | lr 5.00e-04 | 57204 tok/s | 8725.0 ms/step
2026-03-11 19:34:24,766 - INFO - iter  1260 | loss 0.6943 | lr 5.00e-04 | 57226 tok/s | 8725.0 ms/step
2026-03-11 19:35:52,087 - INFO - iter  1270 | loss 0.6875 | lr 5.00e-04 | 57247 tok/s | 8725.0 ms/step
2026-03-11 19:37:19,412 - INFO - iter  1280 | loss 0.7080 | lr 5.00e-04 | 57267 tok/s | 8725.0 ms/step
2026-03-11 19:38:46,734 - INFO - iter  1290 | loss 0.7085 | lr 5.00e-04 | 57288 tok/s | 8725.0 ms/step
2026-03-11 19:40:14,059 - INFO - iter  1300 | loss 0.6968 | lr 5.00e-04 | 57308 tok/s | 8725.0 ms/step
2026-03-11 19:41:41,393 - INFO - iter  1310 | loss 0.6953 | lr 5.00e-04 | 57328 tok/s | 8725.0 ms/step
2026-03-11 19:43:08,716 - INFO - iter  1320 | loss 0.6938 | lr 5.00e-04 | 57348 tok/s | 8725.0 ms/step
2026-03-11 19:44:36,039 - INFO - iter  1330 | loss 0.6982 | lr 5.00e-04 | 57367 tok/s | 8725.0 ms/step
2026-03-11 19:46:03,364 - INFO - iter  1340 | loss 0.6929 | lr 5.00e-04 | 57386 tok/s | 8725.0 ms/step
2026-03-11 19:47:30,688 - INFO - iter  1350 | loss 0.6943 | lr 5.00e-04 | 57405 tok/s | 8725.1 ms/step
2026-03-11 19:48:58,017 - INFO - iter  1360 | loss 0.6943 | lr 5.00e-04 | 57423 tok/s | 8725.1 ms/step
2026-03-11 19:50:25,341 - INFO - iter  1370 | loss 0.6807 | lr 5.00e-04 | 57442 tok/s | 8725.1 ms/step
2026-03-11 19:51:52,669 - INFO - iter  1380 | loss 0.6382 | lr 5.00e-04 | 57459 tok/s | 8725.1 ms/step
2026-03-11 19:53:19,995 - INFO - iter  1390 | loss 0.6641 | lr 5.00e-04 | 57477 tok/s | 8725.2 ms/step
2026-03-11 19:54:47,323 - INFO - iter  1400 | loss 0.6655 | lr 4.99e-04 | 57495 tok/s | 8725.2 ms/step
2026-03-11 19:56:14,658 - INFO - iter  1410 | loss 0.7051 | lr 4.99e-04 | 57512 tok/s | 8725.2 ms/step
2026-03-11 19:57:41,983 - INFO - iter  1420 | loss 0.7622 | lr 4.99e-04 | 57529 tok/s | 8725.3 ms/step
2026-03-11 19:59:09,308 - INFO - iter  1430 | loss 0.6938 | lr 4.99e-04 | 57546 tok/s | 8725.3 ms/step
2026-03-11 20:00:36,636 - INFO - iter  1440 | loss 0.6802 | lr 4.99e-04 | 57562 tok/s | 8725.3 ms/step
2026-03-11 20:02:03,983 - INFO - iter  1450 | loss 0.6753 | lr 4.99e-04 | 57579 tok/s | 8725.5 ms/step
2026-03-11 20:03:31,311 - INFO - iter  1460 | loss 0.7065 | lr 4.99e-04 | 57595 tok/s | 8725.5 ms/step
2026-03-11 20:04:58,635 - INFO - iter  1470 | loss 0.7354 | lr 4.99e-04 | 57611 tok/s | 8725.5 ms/step
2026-03-11 20:06:25,961 - INFO - iter  1480 | loss 0.6455 | lr 4.99e-04 | 57626 tok/s | 8725.5 ms/step
2026-03-11 20:07:53,284 - INFO - iter  1490 | loss 0.7002 | lr 4.99e-04 | 57642 tok/s | 8725.5 ms/step
2026-03-11 20:09:20,608 - INFO - iter  1500 | loss 0.6558 | lr 4.99e-04 | 57657 tok/s | 8725.4 ms/step
2026-03-11 20:09:20,672 - INFO - 
--------------------------------------------------------------------------------
2026-03-11 20:09:20,672 - INFO - EVALUATION at iter 1500
2026-03-11 20:09:20,672 - INFO - --------------------------------------------------------------------------------
2026-03-11 20:13:46,556 - INFO - Val loss: 0.6987 | Val accuracy: 0.4850
2026-03-11 20:13:49,209 - INFO - Spectral radius: 0.999199
2026-03-11 20:13:49,209 - INFO - Condition number: 1749.439645
2026-03-11 20:13:49,210 - INFO - ERF: 4626
2026-03-11 20:13:49,264 - INFO - L2 error (vs RK4): 0.000000
2026-03-11 20:13:49,265 - INFO - VRAM peak (eval window): 15179.3 MB
2026-03-11 20:13:49,265 - INFO - Evaluation time: 268.6s
2026-03-11 20:13:49,265 - INFO - --------------------------------------------------------------------------------

2026-03-11 20:15:16,694 - INFO - iter  1510 | loss 0.6812 | lr 4.99e-04 | 56566 tok/s | 8725.4 ms/step
2026-03-11 20:16:44,022 - INFO - iter  1520 | loss 0.6914 | lr 4.99e-04 | 56587 tok/s | 8725.4 ms/step
2026-03-11 20:18:11,345 - INFO - iter  1530 | loss 0.6953 | lr 4.99e-04 | 56609 tok/s | 8725.4 ms/step
2026-03-11 20:19:38,671 - INFO - iter  1540 | loss 0.6875 | lr 4.99e-04 | 56629 tok/s | 8725.4 ms/step
2026-03-11 20:21:05,994 - INFO - iter  1550 | loss 0.7158 | lr 4.99e-04 | 56650 tok/s | 8725.1 ms/step
2026-03-11 20:22:07,159 - INFO - ✓ Saved checkpoint: checkpoints_research/checkpoint_step1557_20260311_202207.pt
2026-03-11 20:22:07,159 - INFO -   Step: 1557, Wall-clock: 4.00h
2026-03-11 20:22:33,464 - INFO - iter  1560 | loss 0.6470 | lr 4.99e-04 | 56670 tok/s | 8725.3 ms/step
2026-03-11 20:24:00,785 - INFO - iter  1570 | loss 0.6733 | lr 4.99e-04 | 56690 tok/s | 8725.3 ms/step
2026-03-11 20:25:28,111 - INFO - iter  1580 | loss 0.6963 | lr 4.99e-04 | 56710 tok/s | 8725.3 ms/step
2026-03-11 20:26:55,431 - INFO - iter  1590 | loss 0.6777 | lr 4.99e-04 | 56730 tok/s | 8725.3 ms/step
2026-03-11 20:28:22,756 - INFO - iter  1600 | loss 0.6958 | lr 4.99e-04 | 56750 tok/s | 8725.3 ms/step
2026-03-11 20:29:50,100 - INFO - iter  1610 | loss 0.6636 | lr 4.99e-04 | 56769 tok/s | 8725.3 ms/step
2026-03-11 20:31:17,428 - INFO - iter  1620 | loss 0.7129 | lr 4.99e-04 | 56788 tok/s | 8725.3 ms/step
2026-03-11 20:32:44,753 - INFO - iter  1630 | loss 0.7114 | lr 4.99e-04 | 56807 tok/s | 8725.3 ms/step
2026-03-11 20:34:12,082 - INFO - iter  1640 | loss 0.6968 | lr 4.99e-04 | 56826 tok/s | 8725.4 ms/step
2026-03-11 20:35:39,408 - INFO - iter  1650 | loss 0.6777 | lr 4.99e-04 | 56844 tok/s | 8725.4 ms/step
2026-03-11 20:37:06,737 - INFO - iter  1660 | loss 0.6973 | lr 4.99e-04 | 56862 tok/s | 8725.2 ms/step
2026-03-11 20:38:34,061 - INFO - iter  1670 | loss 0.6777 | lr 4.99e-04 | 56880 tok/s | 8725.3 ms/step
2026-03-11 20:40:01,389 - INFO - iter  1680 | loss 0.6816 | lr 4.99e-04 | 56898 tok/s | 8725.3 ms/step
2026-03-11 20:41:28,714 - INFO - iter  1690 | loss 0.7041 | lr 4.98e-04 | 56916 tok/s | 8725.3 ms/step
2026-03-11 20:42:56,062 - INFO - iter  1700 | loss 0.7021 | lr 4.98e-04 | 56933 tok/s | 8725.4 ms/step
2026-03-11 20:44:23,406 - INFO - iter  1710 | loss 0.6929 | lr 4.98e-04 | 56950 tok/s | 8725.4 ms/step
2026-03-11 20:45:50,734 - INFO - iter  1720 | loss 0.6938 | lr 4.98e-04 | 56967 tok/s | 8725.4 ms/step
2026-03-11 20:47:18,058 - INFO - iter  1730 | loss 0.6968 | lr 4.98e-04 | 56984 tok/s | 8725.4 ms/step
2026-03-11 20:48:45,387 - INFO - iter  1740 | loss 0.6973 | lr 4.98e-04 | 57001 tok/s | 8725.4 ms/step
2026-03-11 20:50:12,711 - INFO - iter  1750 | loss 0.6914 | lr 4.98e-04 | 57017 tok/s | 8725.3 ms/step
2026-03-11 20:51:40,039 - INFO - iter  1760 | loss 0.6870 | lr 4.98e-04 | 57033 tok/s | 8725.3 ms/step
2026-03-11 20:53:07,363 - INFO - iter  1770 | loss 0.6934 | lr 4.98e-04 | 57049 tok/s | 8725.3 ms/step
2026-03-11 20:54:34,690 - INFO - iter  1780 | loss 0.6826 | lr 4.98e-04 | 57065 tok/s | 8725.3 ms/step
2026-03-11 20:56:02,013 - INFO - iter  1790 | loss 0.7065 | lr 4.98e-04 | 57081 tok/s | 8725.3 ms/step
2026-03-11 20:57:29,341 - INFO - iter  1800 | loss 0.6860 | lr 4.98e-04 | 57097 tok/s | 8725.3 ms/step
2026-03-11 20:58:56,677 - INFO - iter  1810 | loss 0.6968 | lr 4.98e-04 | 57112 tok/s | 8725.3 ms/step
2026-03-11 21:00:24,007 - INFO - iter  1820 | loss 0.6909 | lr 4.98e-04 | 57127 tok/s | 8725.3 ms/step
2026-03-11 21:01:51,337 - INFO - iter  1830 | loss 0.6929 | lr 4.98e-04 | 57143 tok/s | 8725.3 ms/step
2026-03-11 21:03:18,667 - INFO - iter  1840 | loss 0.6812 | lr 4.98e-04 | 57158 tok/s | 8725.4 ms/step
2026-03-11 21:04:45,994 - INFO - iter  1850 | loss 0.6567 | lr 4.98e-04 | 57172 tok/s | 8725.4 ms/step
2026-03-11 21:06:13,323 - INFO - iter  1860 | loss 0.6738 | lr 4.98e-04 | 57187 tok/s | 8725.4 ms/step
2026-03-11 21:07:40,651 - INFO - iter  1870 | loss 0.7290 | lr 4.98e-04 | 57202 tok/s | 8725.5 ms/step
2026-03-11 21:09:07,980 - INFO - iter  1880 | loss 0.7188 | lr 4.98e-04 | 57216 tok/s | 8725.5 ms/step
2026-03-11 21:10:35,305 - INFO - iter  1890 | loss 0.6943 | lr 4.97e-04 | 57230 tok/s | 8725.5 ms/step
2026-03-11 21:12:02,636 - INFO - iter  1900 | loss 0.6841 | lr 4.97e-04 | 57244 tok/s | 8725.6 ms/step
2026-03-11 21:13:29,972 - INFO - iter  1910 | loss 0.6787 | lr 4.97e-04 | 57258 tok/s | 8725.5 ms/step
2026-03-11 21:14:57,301 - INFO - iter  1920 | loss 0.6655 | lr 4.97e-04 | 57272 tok/s | 8725.5 ms/step
2026-03-11 21:16:24,625 - INFO - iter  1930 | loss 0.7061 | lr 4.97e-04 | 57286 tok/s | 8725.5 ms/step
2026-03-11 21:17:51,978 - INFO - iter  1940 | loss 0.7031 | lr 4.97e-04 | 57299 tok/s | 8725.7 ms/step
2026-03-11 21:19:19,300 - INFO - iter  1950 | loss 0.6675 | lr 4.97e-04 | 57312 tok/s | 8725.7 ms/step
2026-03-11 21:20:46,626 - INFO - iter  1960 | loss 0.6948 | lr 4.97e-04 | 57326 tok/s | 8725.6 ms/step
2026-03-11 21:22:13,951 - INFO - iter  1970 | loss 0.7129 | lr 4.97e-04 | 57339 tok/s | 8725.6 ms/step
2026-03-11 21:23:41,282 - INFO - iter  1980 | loss 0.6938 | lr 4.97e-04 | 57352 tok/s | 8725.6 ms/step
2026-03-11 21:25:08,609 - INFO - iter  1990 | loss 0.6787 | lr 4.97e-04 | 57365 tok/s | 8725.6 ms/step
2026-03-11 21:26:35,938 - INFO - iter  2000 | loss 0.7363 | lr 4.97e-04 | 57378 tok/s | 8725.6 ms/step
2026-03-11 21:26:35,944 - INFO - 
--------------------------------------------------------------------------------
2026-03-11 21:26:35,944 - INFO - EVALUATION at iter 2000
2026-03-11 21:26:35,944 - INFO - --------------------------------------------------------------------------------
2026-03-11 21:31:01,825 - INFO - Val loss: 0.6941 | Val accuracy: 0.5150
2026-03-11 21:31:04,477 - INFO - Spectral radius: 0.999132
2026-03-11 21:31:04,478 - INFO - Condition number: 1524.168939
2026-03-11 21:31:04,478 - INFO - ERF: 4291
2026-03-11 21:31:04,533 - INFO - L2 error (vs RK4): 0.000000
2026-03-11 21:31:04,533 - INFO - VRAM peak (eval window): 15179.3 MB
2026-03-11 21:31:04,534 - INFO - Evaluation time: 268.6s
2026-03-11 21:31:04,534 - INFO - --------------------------------------------------------------------------------

2026-03-11 21:32:31,961 - INFO - iter  2010 | loss 0.6968 | lr 4.97e-04 | 56563 tok/s | 8725.6 ms/step
2026-03-11 21:33:59,289 - INFO - iter  2020 | loss 0.7329 | lr 4.97e-04 | 56579 tok/s | 8725.6 ms/step
2026-03-11 21:35:26,610 - INFO - iter  2030 | loss 0.6621 | lr 4.97e-04 | 56595 tok/s | 8725.6 ms/step
2026-03-11 21:36:53,937 - INFO - iter  2040 | loss 0.7119 | lr 4.97e-04 | 56611 tok/s | 8725.3 ms/step
2026-03-11 21:38:21,262 - INFO - iter  2050 | loss 0.6606 | lr 4.96e-04 | 56627 tok/s | 8725.4 ms/step
2026-03-11 21:39:48,587 - INFO - iter  2060 | loss 0.5698 | lr 4.96e-04 | 56642 tok/s | 8725.3 ms/step
2026-03-11 21:41:15,911 - INFO - iter  2070 | loss 0.7026 | lr 4.96e-04 | 56658 tok/s | 8725.3 ms/step
2026-03-11 21:42:43,238 - INFO - iter  2080 | loss 0.6958 | lr 4.96e-04 | 56673 tok/s | 8725.3 ms/step
2026-03-11 21:44:10,560 - INFO - iter  2090 | loss 0.6948 | lr 4.96e-04 | 56688 tok/s | 8725.2 ms/step
2026-03-11 21:45:37,885 - INFO - iter  2100 | loss 0.6948 | lr 4.96e-04 | 56703 tok/s | 8725.2 ms/step
2026-03-11 21:47:05,220 - INFO - iter  2110 | loss 0.6968 | lr 4.96e-04 | 56718 tok/s | 8725.2 ms/step
2026-03-11 21:48:32,547 - INFO - iter  2120 | loss 0.6797 | lr 4.96e-04 | 56733 tok/s | 8725.2 ms/step
2026-03-11 21:49:59,870 - INFO - iter  2130 | loss 0.6953 | lr 4.96e-04 | 56748 tok/s | 8725.2 ms/step
2026-03-11 21:51:27,197 - INFO - iter  2140 | loss 0.7158 | lr 4.96e-04 | 56762 tok/s | 8725.2 ms/step
2026-03-11 21:52:54,522 - INFO - iter  2150 | loss 0.7407 | lr 4.96e-04 | 56777 tok/s | 8725.2 ms/step
2026-03-11 21:54:21,849 - INFO - iter  2160 | loss 0.6733 | lr 4.96e-04 | 56791 tok/s | 8725.2 ms/step
2026-03-11 21:55:49,174 - INFO - iter  2170 | loss 0.6533 | lr 4.96e-04 | 56805 tok/s | 8725.2 ms/step
2026-03-11 21:57:16,502 - INFO - iter  2180 | loss 0.6958 | lr 4.96e-04 | 56819 tok/s | 8725.2 ms/step
2026-03-11 21:58:43,829 - INFO - iter  2190 | loss 0.6675 | lr 4.95e-04 | 56833 tok/s | 8725.3 ms/step
2026-03-11 22:00:11,156 - INFO - iter  2200 | loss 0.6929 | lr 4.95e-04 | 56847 tok/s | 8725.3 ms/step
2026-03-11 22:01:38,496 - INFO - iter  2210 | loss 0.6958 | lr 4.95e-04 | 56861 tok/s | 8725.3 ms/step
2026-03-11 22:03:05,823 - INFO - iter  2220 | loss 0.6821 | lr 4.95e-04 | 56874 tok/s | 8725.4 ms/step
2026-03-11 22:04:33,147 - INFO - iter  2230 | loss 0.6938 | lr 4.95e-04 | 56888 tok/s | 8725.4 ms/step
2026-03-11 22:06:00,475 - INFO - iter  2240 | loss 0.6943 | lr 4.95e-04 | 56901 tok/s | 8725.4 ms/step
2026-03-11 22:07:27,800 - INFO - iter  2250 | loss 0.6914 | lr 4.95e-04 | 56914 tok/s | 8725.4 ms/step
2026-03-11 22:08:55,127 - INFO - iter  2260 | loss 0.7129 | lr 4.95e-04 | 56927 tok/s | 8725.4 ms/step
2026-03-11 22:10:22,449 - INFO - iter  2270 | loss 0.6748 | lr 4.95e-04 | 56940 tok/s | 8725.3 ms/step
2026-03-11 22:11:49,775 - INFO - iter  2280 | loss 0.6738 | lr 4.95e-04 | 56953 tok/s | 8725.3 ms/step
2026-03-11 22:13:17,098 - INFO - iter  2290 | loss 0.6934 | lr 4.95e-04 | 56966 tok/s | 8725.3 ms/step
2026-03-11 22:14:44,422 - INFO - iter  2300 | loss 0.7021 | lr 4.95e-04 | 56979 tok/s | 8725.2 ms/step
2026-03-11 22:16:11,754 - INFO - iter  2310 | loss 0.6958 | lr 4.95e-04 | 56991 tok/s | 8725.2 ms/step
2026-03-11 22:17:39,080 - INFO - iter  2320 | loss 0.6948 | lr 4.94e-04 | 57004 tok/s | 8725.2 ms/step
2026-03-11 22:19:06,403 - INFO - iter  2330 | loss 0.6621 | lr 4.94e-04 | 57016 tok/s | 8725.2 ms/step
2026-03-11 22:20:33,727 - INFO - iter  2340 | loss 0.7134 | lr 4.94e-04 | 57028 tok/s | 8725.1 ms/step
2026-03-11 22:22:01,051 - INFO - iter  2350 | loss 0.6484 | lr 4.94e-04 | 57040 tok/s | 8725.1 ms/step
2026-03-11 22:22:09,814 - INFO - ✓ Saved checkpoint: checkpoints_research/checkpoint_step2351_20260311_222209.pt
2026-03-11 22:22:09,815 - INFO -   Step: 2351, Wall-clock: 6.01h
2026-03-11 22:23:28,416 - INFO - iter  2360 | loss 0.6719 | lr 4.94e-04 | 57052 tok/s | 8725.2 ms/step
2026-03-11 22:24:55,741 - INFO - iter  2370 | loss 0.7021 | lr 4.94e-04 | 57064 tok/s | 8725.2 ms/step
2026-03-11 22:26:23,067 - INFO - iter  2380 | loss 0.6841 | lr 4.94e-04 | 57076 tok/s | 8725.2 ms/step
2026-03-11 22:27:50,389 - INFO - iter  2390 | loss 0.6987 | lr 4.94e-04 | 57088 tok/s | 8725.2 ms/step
2026-03-11 22:29:17,714 - INFO - iter  2400 | loss 0.7402 | lr 4.94e-04 | 57100 tok/s | 8725.2 ms/step
2026-03-11 22:30:45,045 - INFO - iter  2410 | loss 0.6997 | lr 4.94e-04 | 57111 tok/s | 8725.2 ms/step
2026-03-11 22:32:12,367 - INFO - iter  2420 | loss 0.6953 | lr 4.94e-04 | 57123 tok/s | 8725.1 ms/step
2026-03-11 22:33:39,688 - INFO - iter  2430 | loss 0.6904 | lr 4.93e-04 | 57134 tok/s | 8725.1 ms/step
2026-03-11 22:35:07,031 - INFO - iter  2440 | loss 0.6855 | lr 4.93e-04 | 57145 tok/s | 8725.3 ms/step
2026-03-11 22:36:34,353 - INFO - iter  2450 | loss 0.6938 | lr 4.93e-04 | 57157 tok/s | 8725.3 ms/step
2026-03-11 22:38:01,677 - INFO - iter  2460 | loss 0.6899 | lr 4.93e-04 | 57168 tok/s | 8725.2 ms/step
2026-03-11 22:39:28,998 - INFO - iter  2470 | loss 0.6938 | lr 4.93e-04 | 57179 tok/s | 8725.2 ms/step
2026-03-11 22:40:56,322 - INFO - iter  2480 | loss 0.6846 | lr 4.93e-04 | 57190 tok/s | 8725.2 ms/step
2026-03-11 22:42:23,645 - INFO - iter  2490 | loss 0.7051 | lr 4.93e-04 | 57201 tok/s | 8725.2 ms/step
2026-03-11 22:43:50,968 - INFO - iter  2500 | loss 0.7148 | lr 4.93e-04 | 57212 tok/s | 8725.2 ms/step
2026-03-11 22:43:50,974 - INFO - 
--------------------------------------------------------------------------------
2026-03-11 22:43:50,974 - INFO - EVALUATION at iter 2500
2026-03-11 22:43:50,975 - INFO - --------------------------------------------------------------------------------
2026-03-11 22:48:16,851 - INFO - Val loss: 0.6981 | Val accuracy: 0.4850
2026-03-11 22:48:19,504 - INFO - Spectral radius: 0.999106
2026-03-11 22:48:19,504 - INFO - Condition number: 1540.914527
2026-03-11 22:48:19,504 - INFO - ERF: 4360
2026-03-11 22:48:19,556 - INFO - L2 error (vs RK4): 0.000000
2026-03-11 22:48:19,557 - INFO - VRAM peak (eval window): 15179.3 MB
2026-03-11 22:48:19,557 - INFO - Evaluation time: 268.6s
2026-03-11 22:48:19,557 - INFO - --------------------------------------------------------------------------------

2026-03-11 22:49:46,977 - INFO - iter  2510 | loss 0.6982 | lr 4.93e-04 | 56562 tok/s | 8725.1 ms/step
2026-03-11 22:51:14,304 - INFO - iter  2520 | loss 0.7510 | lr 4.93e-04 | 56575 tok/s | 8725.2 ms/step
2026-03-11 22:52:41,621 - INFO - iter  2530 | loss 0.7227 | lr 4.93e-04 | 56588 tok/s | 8725.1 ms/step
2026-03-11 22:54:08,945 - INFO - iter  2540 | loss 0.6948 | lr 4.92e-04 | 56600 tok/s | 8725.0 ms/step
2026-03-11 22:55:36,266 - INFO - iter  2550 | loss 0.6821 | lr 4.92e-04 | 56613 tok/s | 8724.9 ms/step
2026-03-11 22:57:03,590 - INFO - iter  2560 | loss 0.6938 | lr 4.92e-04 | 56626 tok/s | 8724.9 ms/step
2026-03-11 22:58:30,910 - INFO - iter  2570 | loss 0.6704 | lr 4.92e-04 | 56638 tok/s | 8724.9 ms/step
2026-03-11 22:59:58,237 - INFO - iter  2580 | loss 0.6758 | lr 4.92e-04 | 56651 tok/s | 8725.0 ms/step
2026-03-11 23:01:25,561 - INFO - iter  2590 | loss 0.7266 | lr 4.92e-04 | 56663 tok/s | 8725.0 ms/step
2026-03-11 23:02:52,885 - INFO - iter  2600 | loss 0.7227 | lr 4.92e-04 | 56675 tok/s | 8725.0 ms/step
2026-03-11 23:04:20,227 - INFO - iter  2610 | loss 0.7295 | lr 4.92e-04 | 56687 tok/s | 8725.0 ms/step
2026-03-11 23:05:47,553 - INFO - iter  2620 | loss 0.7178 | lr 4.92e-04 | 56700 tok/s | 8725.0 ms/step
2026-03-11 23:07:14,876 - INFO - iter  2630 | loss 0.6919 | lr 4.92e-04 | 56712 tok/s | 8725.1 ms/step
2026-03-11 23:08:42,199 - INFO - iter  2640 | loss 0.6978 | lr 4.91e-04 | 56723 tok/s | 8725.0 ms/step
2026-03-11 23:10:09,522 - INFO - iter  2650 | loss 0.6899 | lr 4.91e-04 | 56735 tok/s | 8725.1 ms/step
2026-03-11 23:11:36,847 - INFO - iter  2660 | loss 0.6938 | lr 4.91e-04 | 56747 tok/s | 8725.1 ms/step
2026-03-11 23:13:04,169 - INFO - iter  2670 | loss 0.6870 | lr 4.91e-04 | 56759 tok/s | 8725.1 ms/step
2026-03-11 23:14:31,495 - INFO - iter  2680 | loss 0.6611 | lr 4.91e-04 | 56770 tok/s | 8725.1 ms/step
2026-03-11 23:15:58,818 - INFO - iter  2690 | loss 0.6401 | lr 4.91e-04 | 56782 tok/s | 8725.1 ms/step
2026-03-11 23:17:26,144 - INFO - iter  2700 | loss 0.6782 | lr 4.91e-04 | 56793 tok/s | 8725.1 ms/step
2026-03-11 23:18:53,476 - INFO - iter  2710 | loss 0.6821 | lr 4.91e-04 | 56804 tok/s | 8725.1 ms/step
2026-03-11 23:20:20,800 - INFO - iter  2720 | loss 0.6919 | lr 4.91e-04 | 56816 tok/s | 8725.1 ms/step
2026-03-11 23:21:48,122 - INFO - iter  2730 | loss 0.6948 | lr 4.90e-04 | 56827 tok/s | 8725.1 ms/step
2026-03-11 23:23:15,448 - INFO - iter  2740 | loss 0.6743 | lr 4.90e-04 | 56838 tok/s | 8725.1 ms/step
2026-03-11 23:24:42,771 - INFO - iter  2750 | loss 0.6709 | lr 4.90e-04 | 56849 tok/s | 8725.1 ms/step
2026-03-11 23:26:10,097 - INFO - iter  2760 | loss 0.8022 | lr 4.90e-04 | 56860 tok/s | 8725.1 ms/step
2026-03-11 23:27:37,419 - INFO - iter  2770 | loss 0.6704 | lr 4.90e-04 | 56871 tok/s | 8725.1 ms/step
2026-03-11 23:29:04,745 - INFO - iter  2780 | loss 0.7202 | lr 4.90e-04 | 56882 tok/s | 8725.1 ms/step
2026-03-11 23:30:32,066 - INFO - iter  2790 | loss 0.7212 | lr 4.90e-04 | 56892 tok/s | 8725.1 ms/step
2026-03-11 23:31:59,390 - INFO - iter  2800 | loss 0.6982 | lr 4.90e-04 | 56903 tok/s | 8725.1 ms/step
2026-03-11 23:33:26,743 - INFO - iter  2810 | loss 0.6450 | lr 4.90e-04 | 56913 tok/s | 8725.1 ms/step
2026-03-11 23:34:54,071 - INFO - iter  2820 | loss 0.7314 | lr 4.89e-04 | 56924 tok/s | 8725.2 ms/step
2026-03-11 23:36:21,397 - INFO - iter  2830 | loss 0.7290 | lr 4.89e-04 | 56934 tok/s | 8725.2 ms/step
2026-03-11 23:37:48,725 - INFO - iter  2840 | loss 0.6729 | lr 4.89e-04 | 56945 tok/s | 8725.2 ms/step
2026-03-11 23:39:16,050 - INFO - iter  2850 | loss 0.7197 | lr 4.89e-04 | 56955 tok/s | 8725.2 ms/step
2026-03-11 23:40:43,374 - INFO - iter  2860 | loss 0.7354 | lr 4.89e-04 | 56965 tok/s | 8725.2 ms/step
2026-03-11 23:42:10,699 - INFO - iter  2870 | loss 0.6948 | lr 4.89e-04 | 56975 tok/s | 8725.2 ms/step
2026-03-11 23:43:38,028 - INFO - iter  2880 | loss 0.6934 | lr 4.89e-04 | 56986 tok/s | 8725.3 ms/step
2026-03-11 23:45:05,351 - INFO - iter  2890 | loss 0.6943 | lr 4.89e-04 | 56996 tok/s | 8725.3 ms/step
2026-03-11 23:46:32,679 - INFO - iter  2900 | loss 0.6855 | lr 4.88e-04 | 57006 tok/s | 8725.3 ms/step
2026-03-11 23:48:00,011 - INFO - iter  2910 | loss 0.6934 | lr 4.88e-04 | 57015 tok/s | 8725.3 ms/step
2026-03-11 23:49:27,337 - INFO - iter  2920 | loss 0.7188 | lr 4.88e-04 | 57025 tok/s | 8725.3 ms/step
2026-03-11 23:50:54,659 - INFO - iter  2930 | loss 0.6777 | lr 4.88e-04 | 57035 tok/s | 8725.2 ms/step
2026-03-11 23:52:21,985 - INFO - iter  2940 | loss 0.6851 | lr 4.88e-04 | 57045 tok/s | 8725.2 ms/step
2026-03-11 23:53:49,340 - INFO - iter  2950 | loss 0.6973 | lr 4.88e-04 | 57054 tok/s | 8725.5 ms/step
2026-03-11 23:55:16,667 - INFO - iter  2960 | loss 0.6997 | lr 4.88e-04 | 57064 tok/s | 8725.5 ms/step
2026-03-11 23:56:43,990 - INFO - iter  2970 | loss 0.7334 | lr 4.88e-04 | 57073 tok/s | 8725.5 ms/step
2026-03-11 23:58:11,318 - INFO - iter  2980 | loss 0.6758 | lr 4.88e-04 | 57083 tok/s | 8725.5 ms/step
2026-03-11 23:59:38,641 - INFO - iter  2990 | loss 0.7158 | lr 4.87e-04 | 57092 tok/s | 8725.5 ms/step
2026-03-12 00:01:05,968 - INFO - iter  3000 | loss 0.7197 | lr 4.87e-04 | 57102 tok/s | 8725.5 ms/step
2026-03-12 00:01:05,973 - INFO - 
--------------------------------------------------------------------------------
2026-03-12 00:01:05,973 - INFO - EVALUATION at iter 3000
2026-03-12 00:01:05,974 - INFO - --------------------------------------------------------------------------------
2026-03-12 00:05:31,875 - INFO - Val loss: 0.6963 | Val accuracy: 0.4850
2026-03-12 00:05:34,528 - INFO - Spectral radius: 0.999128
2026-03-12 00:05:34,528 - INFO - Condition number: 1528.944457
2026-03-12 00:05:34,528 - INFO - ERF: 4313
2026-03-12 00:05:34,647 - INFO - L2 error (vs RK4): 0.000000
2026-03-12 00:05:34,648 - INFO - VRAM peak (eval window): 15179.3 MB
2026-03-12 00:05:34,648 - INFO - Evaluation time: 268.7s
2026-03-12 00:05:34,648 - INFO - --------------------------------------------------------------------------------

2026-03-12 00:07:02,122 - INFO - iter  3010 | loss 0.6816 | lr 4.87e-04 | 56561 tok/s | 8725.8 ms/step
2026-03-12 00:08:29,446 - INFO - iter  3020 | loss 0.7173 | lr 4.87e-04 | 56572 tok/s | 8725.7 ms/step
2026-03-12 00:09:56,767 - INFO - iter  3030 | loss 0.6875 | lr 4.87e-04 | 56582 tok/s | 8725.7 ms/step
2026-03-12 00:11:24,089 - INFO - iter  3040 | loss 0.7158 | lr 4.87e-04 | 56593 tok/s | 8725.7 ms/step
2026-03-12 00:12:51,408 - INFO - iter  3050 | loss 0.7070 | lr 4.87e-04 | 56604 tok/s | 8725.3 ms/step
2026-03-12 00:14:18,728 - INFO - iter  3060 | loss 0.6934 | lr 4.86e-04 | 56614 tok/s | 8725.3 ms/step
2026-03-12 00:15:46,046 - INFO - iter  3070 | loss 0.6924 | lr 4.86e-04 | 56625 tok/s | 8725.2 ms/step
2026-03-12 00:17:13,364 - INFO - iter  3080 | loss 0.6914 | lr 4.86e-04 | 56635 tok/s | 8725.1 ms/step
2026-03-12 00:18:40,683 - INFO - iter  3090 | loss 0.7051 | lr 4.86e-04 | 56646 tok/s | 8725.1 ms/step
2026-03-12 00:20:08,003 - INFO - iter  3100 | loss 0.6938 | lr 4.86e-04 | 56656 tok/s | 8725.0 ms/step
2026-03-12 00:21:35,411 - INFO - iter  3110 | loss 0.6929 | lr 4.86e-04 | 56666 tok/s | 8724.7 ms/step
2026-03-12 00:22:10,368 - INFO - ✓ Saved checkpoint: checkpoints_research/checkpoint_step3114_20260312_002210.pt
2026-03-12 00:22:10,369 - INFO -   Step: 3114, Wall-clock: 8.01h
2026-03-12 00:23:02,773 - INFO - iter  3120 | loss 0.6992 | lr 4.86e-04 | 56676 tok/s | 8724.0 ms/step
2026-03-12 00:24:30,090 - INFO - iter  3130 | loss 0.6924 | lr 4.86e-04 | 56686 tok/s | 8724.0 ms/step
2026-03-12 00:25:57,409 - INFO - iter  3140 | loss 0.6997 | lr 4.85e-04 | 56697 tok/s | 8723.9 ms/step
2026-03-12 00:27:24,726 - INFO - iter  3150 | loss 0.6875 | lr 4.85e-04 | 56707 tok/s | 8723.9 ms/step
2026-03-12 00:28:52,044 - INFO - iter  3160 | loss 0.6807 | lr 4.85e-04 | 56717 tok/s | 8723.9 ms/step
2026-03-12 00:30:19,361 - INFO - iter  3170 | loss 0.6772 | lr 4.85e-04 | 56726 tok/s | 8723.9 ms/step
2026-03-12 00:31:46,681 - INFO - iter  3180 | loss 0.7188 | lr 4.85e-04 | 56736 tok/s | 8723.9 ms/step
2026-03-12 00:33:14,001 - INFO - iter  3190 | loss 0.7515 | lr 4.85e-04 | 56746 tok/s | 8723.9 ms/step
2026-03-12 00:34:41,325 - INFO - iter  3200 | loss 0.7192 | lr 4.85e-04 | 56756 tok/s | 8724.0 ms/step
2026-03-12 00:36:08,740 - INFO - iter  3210 | loss 0.6938 | lr 4.84e-04 | 56765 tok/s | 8724.0 ms/step
2026-03-12 00:37:36,070 - INFO - iter  3220 | loss 0.6929 | lr 4.84e-04 | 56775 tok/s | 8724.7 ms/step
2026-03-12 00:39:03,396 - INFO - iter  3230 | loss 0.6904 | lr 4.84e-04 | 56785 tok/s | 8724.8 ms/step
2026-03-12 00:40:30,725 - INFO - iter  3240 | loss 0.6924 | lr 4.84e-04 | 56794 tok/s | 8724.9 ms/step
2026-03-12 00:41:58,053 - INFO - iter  3250 | loss 0.6968 | lr 4.84e-04 | 56803 tok/s | 8725.0 ms/step
2026-03-12 00:43:25,382 - INFO - iter  3260 | loss 0.6924 | lr 4.84e-04 | 56813 tok/s | 8725.1 ms/step
2026-03-12 00:44:52,708 - INFO - iter  3270 | loss 0.6948 | lr 4.84e-04 | 56822 tok/s | 8725.2 ms/step
2026-03-12 00:46:20,036 - INFO - iter  3280 | loss 0.6943 | lr 4.83e-04 | 56831 tok/s | 8725.3 ms/step
2026-03-12 00:47:47,363 - INFO - iter  3290 | loss 0.6787 | lr 4.83e-04 | 56841 tok/s | 8725.4 ms/step
2026-03-12 00:49:14,693 - INFO - iter  3300 | loss 0.7197 | lr 4.83e-04 | 56850 tok/s | 8725.4 ms/step
2026-03-12 00:50:42,038 - INFO - iter  3310 | loss 0.6509 | lr 4.83e-04 | 56859 tok/s | 8725.5 ms/step
2026-03-12 00:52:09,363 - INFO - iter  3320 | loss 0.6987 | lr 4.83e-04 | 56868 tok/s | 8725.4 ms/step
2026-03-12 00:53:36,687 - INFO - iter  3330 | loss 0.6748 | lr 4.83e-04 | 56877 tok/s | 8725.4 ms/step
2026-03-12 00:55:04,014 - INFO - iter  3340 | loss 0.6768 | lr 4.83e-04 | 56886 tok/s | 8725.4 ms/step
2026-03-12 00:56:31,338 - INFO - iter  3350 | loss 0.6919 | lr 4.82e-04 | 56895 tok/s | 8725.3 ms/step
2026-03-12 00:57:58,664 - INFO - iter  3360 | loss 0.6934 | lr 4.82e-04 | 56904 tok/s | 8725.3 ms/step
2026-03-12 00:59:25,988 - INFO - iter  3370 | loss 0.6924 | lr 4.82e-04 | 56913 tok/s | 8725.3 ms/step
2026-03-12 01:00:53,313 - INFO - iter  3380 | loss 0.6938 | lr 4.82e-04 | 56921 tok/s | 8725.3 ms/step
2026-03-12 01:02:20,636 - INFO - iter  3390 | loss 0.7100 | lr 4.82e-04 | 56930 tok/s | 8725.2 ms/step
2026-03-12 01:03:47,961 - INFO - iter  3400 | loss 0.6938 | lr 4.82e-04 | 56939 tok/s | 8725.2 ms/step
2026-03-12 01:05:15,297 - INFO - iter  3410 | loss 0.7139 | lr 4.82e-04 | 56947 tok/s | 8725.2 ms/step
2026-03-12 01:06:42,626 - INFO - iter  3420 | loss 0.7637 | lr 4.81e-04 | 56956 tok/s | 8725.2 ms/step
2026-03-12 01:08:09,952 - INFO - iter  3430 | loss 0.7075 | lr 4.81e-04 | 56964 tok/s | 8725.3 ms/step
2026-03-12 01:09:37,298 - INFO - iter  3440 | loss 0.6904 | lr 4.81e-04 | 56973 tok/s | 8725.4 ms/step
2026-03-12 01:11:04,623 - INFO - iter  3450 | loss 0.6934 | lr 4.81e-04 | 56981 tok/s | 8725.4 ms/step
2026-03-12 01:12:31,951 - INFO - iter  3460 | loss 0.6929 | lr 4.81e-04 | 56990 tok/s | 8725.5 ms/step
2026-03-12 01:13:59,275 - INFO - iter  3470 | loss 0.7236 | lr 4.81e-04 | 56998 tok/s | 8725.5 ms/step
2026-03-12 01:15:26,604 - INFO - iter  3480 | loss 0.6958 | lr 4.81e-04 | 57006 tok/s | 8725.5 ms/step
2026-03-12 01:16:53,929 - INFO - iter  3490 | loss 0.7300 | lr 4.80e-04 | 57015 tok/s | 8725.5 ms/step
2026-03-12 01:18:21,257 - INFO - iter  3500 | loss 0.7153 | lr 4.80e-04 | 57023 tok/s | 8725.5 ms/step
2026-03-12 01:18:21,273 - INFO - 
--------------------------------------------------------------------------------
2026-03-12 01:18:21,273 - INFO - EVALUATION at iter 3500
2026-03-12 01:18:21,273 - INFO - --------------------------------------------------------------------------------
2026-03-12 01:22:47,150 - INFO - Val loss: 0.6939 | Val accuracy: 0.5150
2026-03-12 01:22:49,802 - INFO - Spectral radius: 0.999086
2026-03-12 01:22:49,803 - INFO - Condition number: 1479.465915
2026-03-12 01:22:49,803 - INFO - ERF: 4050
2026-03-12 01:22:49,905 - INFO - L2 error (vs RK4): 0.000000
2026-03-12 01:22:49,905 - INFO - VRAM peak (eval window): 15179.3 MB
2026-03-12 01:22:49,906 - INFO - Evaluation time: 268.6s
2026-03-12 01:22:49,906 - INFO - --------------------------------------------------------------------------------

2026-03-12 01:24:17,418 - INFO - iter  3510 | loss 0.6958 | lr 4.80e-04 | 56560 tok/s | 8726.3 ms/step
2026-03-12 01:25:44,746 - INFO - iter  3520 | loss 0.7192 | lr 4.80e-04 | 56569 tok/s | 8726.2 ms/step
2026-03-12 01:27:12,069 - INFO - iter  3530 | loss 0.6689 | lr 4.80e-04 | 56578 tok/s | 8726.2 ms/step
2026-03-12 01:28:39,396 - INFO - iter  3540 | loss 0.6934 | lr 4.80e-04 | 56588 tok/s | 8726.0 ms/step
2026-03-12 01:30:06,719 - INFO - iter  3550 | loss 0.6958 | lr 4.79e-04 | 56597 tok/s | 8726.0 ms/step
2026-03-12 01:31:34,045 - INFO - iter  3560 | loss 0.6875 | lr 4.79e-04 | 56606 tok/s | 8726.0 ms/step
2026-03-12 01:33:01,367 - INFO - iter  3570 | loss 0.6621 | lr 4.79e-04 | 56615 tok/s | 8726.0 ms/step
2026-03-12 01:34:28,693 - INFO - iter  3580 | loss 0.7144 | lr 4.79e-04 | 56624 tok/s | 8725.9 ms/step
2026-03-12 01:35:56,013 - INFO - iter  3590 | loss 0.7075 | lr 4.79e-04 | 56633 tok/s | 8725.9 ms/step
2026-03-12 01:37:23,337 - INFO - iter  3600 | loss 0.6802 | lr 4.79e-04 | 56642 tok/s | 8725.8 ms/step
2026-03-12 01:38:50,671 - INFO - iter  3610 | loss 0.6929 | lr 4.78e-04 | 56651 tok/s | 8725.1 ms/step
2026-03-12 01:40:18,001 - INFO - iter  3620 | loss 0.6909 | lr 4.78e-04 | 56660 tok/s | 8725.2 ms/step
2026-03-12 01:41:45,326 - INFO - iter  3630 | loss 0.6792 | lr 4.78e-04 | 56668 tok/s | 8725.2 ms/step
2026-03-12 01:43:12,654 - INFO - iter  3640 | loss 0.6724 | lr 4.78e-04 | 56677 tok/s | 8725.2 ms/step
2026-03-12 01:44:39,980 - INFO - iter  3650 | loss 0.6812 | lr 4.78e-04 | 56686 tok/s | 8725.2 ms/step
2026-03-12 01:46:07,308 - INFO - iter  3660 | loss 0.6948 | lr 4.78e-04 | 56694 tok/s | 8725.2 ms/step
2026-03-12 01:47:34,631 - INFO - iter  3670 | loss 0.6973 | lr 4.77e-04 | 56703 tok/s | 8725.2 ms/step
2026-03-12 01:49:01,959 - INFO - iter  3680 | loss 0.7041 | lr 4.77e-04 | 56712 tok/s | 8725.3 ms/step
2026-03-12 01:50:29,283 - INFO - iter  3690 | loss 0.6943 | lr 4.77e-04 | 56720 tok/s | 8725.3 ms/step
2026-03-12 01:51:56,611 - INFO - iter  3700 | loss 0.6870 | lr 4.77e-04 | 56729 tok/s | 8725.3 ms/step
2026-03-12 01:53:23,944 - INFO - iter  3710 | loss 0.6855 | lr 4.77e-04 | 56737 tok/s | 8725.3 ms/step
2026-03-12 01:54:51,272 - INFO - iter  3720 | loss 0.6938 | lr 4.77e-04 | 56745 tok/s | 8725.3 ms/step
2026-03-12 01:56:18,596 - INFO - iter  3730 | loss 0.6855 | lr 4.76e-04 | 56754 tok/s | 8725.3 ms/step
2026-03-12 01:57:45,922 - INFO - iter  3740 | loss 0.6968 | lr 4.76e-04 | 56762 tok/s | 8725.3 ms/step
2026-03-12 01:59:13,247 - INFO - iter  3750 | loss 0.6938 | lr 4.76e-04 | 56770 tok/s | 8725.3 ms/step
2026-03-12 02:00:40,574 - INFO - iter  3760 | loss 0.7148 | lr 4.76e-04 | 56778 tok/s | 8725.3 ms/step
2026-03-12 02:02:07,899 - INFO - iter  3770 | loss 0.6836 | lr 4.76e-04 | 56787 tok/s | 8725.3 ms/step
2026-03-12 02:03:35,227 - INFO - iter  3780 | loss 0.6821 | lr 4.76e-04 | 56795 tok/s | 8725.3 ms/step
2026-03-12 02:05:02,551 - INFO - iter  3790 | loss 0.7129 | lr 4.75e-04 | 56803 tok/s | 8725.3 ms/step
2026-03-12 02:06:29,878 - INFO - iter  3800 | loss 0.7002 | lr 4.75e-04 | 56811 tok/s | 8725.3 ms/step
2026-03-12 02:07:57,221 - INFO - iter  3810 | loss 0.6968 | lr 4.75e-04 | 56819 tok/s | 8725.3 ms/step
2026-03-12 02:09:24,550 - INFO - iter  3820 | loss 0.6948 | lr 4.75e-04 | 56827 tok/s | 8725.3 ms/step
2026-03-12 02:10:51,875 - INFO - iter  3830 | loss 0.6953 | lr 4.75e-04 | 56835 tok/s | 8725.3 ms/step
2026-03-12 02:12:19,202 - INFO - iter  3840 | loss 0.6938 | lr 4.75e-04 | 56843 tok/s | 8725.3 ms/step
2026-03-12 02:13:46,525 - INFO - iter  3850 | loss 0.6919 | lr 4.74e-04 | 56851 tok/s | 8725.3 ms/step
2026-03-12 02:15:13,852 - INFO - iter  3860 | loss 0.6953 | lr 4.74e-04 | 56858 tok/s | 8725.3 ms/step
2026-03-12 02:16:41,178 - INFO - iter  3870 | loss 0.6987 | lr 4.74e-04 | 56866 tok/s | 8725.3 ms/step
2026-03-12 02:18:08,507 - INFO - iter  3880 | loss 0.6958 | lr 4.74e-04 | 56874 tok/s | 8725.3 ms/step
2026-03-12 02:19:35,831 - INFO - iter  3890 | loss 0.6934 | lr 4.74e-04 | 56882 tok/s | 8725.3 ms/step
2026-03-12 02:21:03,159 - INFO - iter  3900 | loss 0.6948 | lr 4.73e-04 | 56889 tok/s | 8725.3 ms/step
2026-03-12 02:22:13,058 - INFO - ✓ Saved checkpoint: checkpoints_research/checkpoint_step3908_20260312_022213.pt
2026-03-12 02:22:13,058 - INFO -   Step: 3908, Wall-clock: 10.01h
2026-03-12 02:22:13,060 - INFO - Deleted old checkpoint: checkpoint_step0_20260311_054725.pt
2026-03-12 02:22:30,537 - INFO - iter  3910 | loss 0.6802 | lr 4.73e-04 | 56897 tok/s | 8724.7 ms/step
2026-03-12 02:23:57,865 - INFO - iter  3920 | loss 0.6943 | lr 4.73e-04 | 56904 tok/s | 8724.7 ms/step
2026-03-12 02:25:25,191 - INFO - iter  3930 | loss 0.6816 | lr 4.73e-04 | 56912 tok/s | 8724.7 ms/step
2026-03-12 02:26:52,539 - INFO - iter  3940 | loss 0.6938 | lr 4.73e-04 | 56919 tok/s | 8724.9 ms/step
2026-03-12 02:28:19,866 - INFO - iter  3950 | loss 0.6821 | lr 4.73e-04 | 56927 tok/s | 8725.0 ms/step
2026-03-12 02:29:47,196 - INFO - iter  3960 | loss 0.6738 | lr 4.72e-04 | 56934 tok/s | 8725.0 ms/step
2026-03-12 02:31:14,525 - INFO - iter  3970 | loss 0.6406 | lr 4.72e-04 | 56942 tok/s | 8725.0 ms/step
2026-03-12 02:32:41,856 - INFO - iter  3980 | loss 0.6729 | lr 4.72e-04 | 56949 tok/s | 8725.0 ms/step
2026-03-12 02:34:09,183 - INFO - iter  3990 | loss 0.7231 | lr 4.72e-04 | 56956 tok/s | 8725.0 ms/step
2026-03-12 02:35:36,514 - INFO - iter  4000 | loss 0.6738 | lr 4.72e-04 | 56964 tok/s | 8725.1 ms/step
2026-03-12 02:35:36,520 - INFO - 
--------------------------------------------------------------------------------
2026-03-12 02:35:36,520 - INFO - EVALUATION at iter 4000
2026-03-12 02:35:36,520 - INFO - --------------------------------------------------------------------------------
2026-03-12 02:40:02,409 - INFO - Val loss: 0.6951 | Val accuracy: 0.4850
2026-03-12 02:40:05,062 - INFO - Spectral radius: 0.999083
2026-03-12 02:40:05,062 - INFO - Condition number: 1509.335148
2026-03-12 02:40:05,062 - INFO - ERF: 4089
2026-03-12 02:40:05,116 - INFO - L2 error (vs RK4): 0.000000
2026-03-12 02:40:05,117 - INFO - VRAM peak (eval window): 15179.3 MB
2026-03-12 02:40:05,117 - INFO - Evaluation time: 268.6s
2026-03-12 02:40:05,117 - INFO - --------------------------------------------------------------------------------

2026-03-12 02:41:32,539 - INFO - iter  4010 | loss 0.6992 | lr 4.71e-04 | 56559 tok/s | 8725.6 ms/step
2026-03-12 02:42:59,864 - INFO - iter  4020 | loss 0.7114 | lr 4.71e-04 | 56567 tok/s | 8725.6 ms/step
2026-03-12 02:44:27,187 - INFO - iter  4030 | loss 0.6704 | lr 4.71e-04 | 56576 tok/s | 8725.6 ms/step
2026-03-12 02:45:54,512 - INFO - iter  4040 | loss 0.7373 | lr 4.71e-04 | 56584 tok/s | 8725.4 ms/step
2026-03-12 02:47:21,834 - INFO - iter  4050 | loss 0.7397 | lr 4.71e-04 | 56592 tok/s | 8725.3 ms/step
2026-03-12 02:48:49,160 - INFO - iter  4060 | loss 0.6929 | lr 4.71e-04 | 56600 tok/s | 8725.3 ms/step
2026-03-12 02:50:16,482 - INFO - iter  4070 | loss 0.6919 | lr 4.70e-04 | 56608 tok/s | 8725.2 ms/step
2026-03-12 02:51:43,805 - INFO - iter  4080 | loss 0.6899 | lr 4.70e-04 | 56616 tok/s | 8725.1 ms/step
2026-03-12 02:53:11,127 - INFO - iter  4090 | loss 0.6836 | lr 4.70e-04 | 56624 tok/s | 8725.1 ms/step
2026-03-12 02:54:38,451 - INFO - iter  4100 | loss 0.7012 | lr 4.70e-04 | 56631 tok/s | 8725.0 ms/step
2026-03-12 02:56:05,787 - INFO - iter  4110 | loss 0.6650 | lr 4.70e-04 | 56639 tok/s | 8725.1 ms/step
2026-03-12 02:57:33,114 - INFO - iter  4120 | loss 0.7036 | lr 4.69e-04 | 56647 tok/s | 8725.1 ms/step
2026-03-12 02:59:00,437 - INFO - iter  4130 | loss 0.7310 | lr 4.69e-04 | 56655 tok/s | 8725.1 ms/step
2026-03-12 03:00:27,761 - INFO - iter  4140 | loss 0.6982 | lr 4.69e-04 | 56662 tok/s | 8725.1 ms/step
2026-03-12 03:01:55,083 - INFO - iter  4150 | loss 0.6768 | lr 4.69e-04 | 56670 tok/s | 8725.1 ms/step
2026-03-12 03:03:22,408 - INFO - iter  4160 | loss 0.7134 | lr 4.69e-04 | 56678 tok/s | 8725.1 ms/step
2026-03-12 03:04:49,732 - INFO - iter  4170 | loss 0.7686 | lr 4.68e-04 | 56685 tok/s | 8725.1 ms/step
2026-03-12 03:06:17,060 - INFO - iter  4180 | loss 0.6997 | lr 4.68e-04 | 56693 tok/s | 8725.1 ms/step
2026-03-12 03:07:44,385 - INFO - iter  4190 | loss 0.7358 | lr 4.68e-04 | 56700 tok/s | 8725.2 ms/step
2026-03-12 03:09:11,714 - INFO - iter  4200 | loss 0.6997 | lr 4.68e-04 | 56708 tok/s | 8725.2 ms/step
2026-03-12 03:10:39,134 - INFO - iter  4210 | loss 0.6963 | lr 4.68e-04 | 56715 tok/s | 8725.2 ms/step
2026-03-12 03:12:06,459 - INFO - iter  4220 | loss 0.6943 | lr 4.67e-04 | 56723 tok/s | 8725.1 ms/step
2026-03-12 03:13:33,782 - INFO - iter  4230 | loss 0.6860 | lr 4.67e-04 | 56730 tok/s | 8725.1 ms/step
2026-03-12 03:15:01,104 - INFO - iter  4240 | loss 0.6699 | lr 4.67e-04 | 56738 tok/s | 8725.1 ms/step
2026-03-12 03:16:28,425 - INFO - iter  4250 | loss 0.7197 | lr 4.67e-04 | 56745 tok/s | 8725.1 ms/step
2026-03-12 03:17:55,748 - INFO - iter  4260 | loss 0.6855 | lr 4.67e-04 | 56752 tok/s | 8725.1 ms/step
2026-03-12 03:19:23,069 - INFO - iter  4270 | loss 0.6948 | lr 4.66e-04 | 56759 tok/s | 8725.1 ms/step
2026-03-12 03:20:50,393 - INFO - iter  4280 | loss 0.6982 | lr 4.66e-04 | 56767 tok/s | 8725.0 ms/step
2026-03-12 03:22:17,713 - INFO - iter  4290 | loss 0.6943 | lr 4.66e-04 | 56774 tok/s | 8725.0 ms/step
2026-03-12 03:23:45,036 - INFO - iter  4300 | loss 0.6929 | lr 4.66e-04 | 56781 tok/s | 8724.9 ms/step
2026-03-12 03:25:12,438 - INFO - iter  4310 | loss 0.6821 | lr 4.66e-04 | 56788 tok/s | 8724.9 ms/step
2026-03-12 03:26:39,762 - INFO - iter  4320 | loss 0.6753 | lr 4.65e-04 | 56795 tok/s | 8724.9 ms/step
2026-03-12 03:28:07,085 - INFO - iter  4330 | loss 0.7290 | lr 4.65e-04 | 56802 tok/s | 8724.9 ms/step
2026-03-12 03:29:34,410 - INFO - iter  4340 | loss 0.6782 | lr 4.65e-04 | 56809 tok/s | 8724.9 ms/step
2026-03-12 03:31:01,733 - INFO - iter  4350 | loss 0.6929 | lr 4.65e-04 | 56816 tok/s | 8724.9 ms/step
2026-03-12 03:32:29,058 - INFO - iter  4360 | loss 0.6880 | lr 4.65e-04 | 56823 tok/s | 8724.9 ms/step
2026-03-12 03:33:56,381 - INFO - iter  4370 | loss 0.6895 | lr 4.64e-04 | 56830 tok/s | 8725.0 ms/step
2026-03-12 03:35:23,705 - INFO - iter  4380 | loss 0.7007 | lr 4.64e-04 | 56837 tok/s | 8725.0 ms/step
2026-03-12 03:36:51,029 - INFO - iter  4390 | loss 0.6816 | lr 4.64e-04 | 56844 tok/s | 8725.0 ms/step
2026-03-12 03:38:18,353 - INFO - iter  4400 | loss 0.6782 | lr 4.64e-04 | 56851 tok/s | 8725.0 ms/step
2026-03-12 03:39:45,686 - INFO - iter  4410 | loss 0.6724 | lr 4.64e-04 | 56858 tok/s | 8725.0 ms/step
2026-03-12 03:41:13,011 - INFO - iter  4420 | loss 0.7012 | lr 4.63e-04 | 56865 tok/s | 8725.0 ms/step
2026-03-12 03:42:40,334 - INFO - iter  4430 | loss 0.6714 | lr 4.63e-04 | 56872 tok/s | 8725.0 ms/step
2026-03-12 03:44:07,659 - INFO - iter  4440 | loss 0.6768 | lr 4.63e-04 | 56878 tok/s | 8725.0 ms/step
2026-03-12 03:45:35,003 - INFO - iter  4450 | loss 0.6694 | lr 4.63e-04 | 56885 tok/s | 8725.3 ms/step
2026-03-12 03:47:02,327 - INFO - iter  4460 | loss 0.6851 | lr 4.63e-04 | 56892 tok/s | 8725.3 ms/step
2026-03-12 03:48:29,651 - INFO - iter  4470 | loss 0.7085 | lr 4.62e-04 | 56898 tok/s | 8725.3 ms/step
2026-03-12 03:49:56,978 - INFO - iter  4480 | loss 0.6997 | lr 4.62e-04 | 56905 tok/s | 8725.3 ms/step
2026-03-12 03:51:24,302 - INFO - iter  4490 | loss 0.6953 | lr 4.62e-04 | 56912 tok/s | 8725.3 ms/step
2026-03-12 03:52:51,628 - INFO - iter  4500 | loss 0.6772 | lr 4.62e-04 | 56918 tok/s | 8725.3 ms/step
2026-03-12 03:52:51,633 - INFO - 
--------------------------------------------------------------------------------
2026-03-12 03:52:51,633 - INFO - EVALUATION at iter 4500
2026-03-12 03:52:51,634 - INFO - --------------------------------------------------------------------------------
2026-03-12 03:57:17,527 - INFO - Val loss: 0.6941 | Val accuracy: 0.4850
2026-03-12 03:57:20,180 - INFO - Spectral radius: 0.999061
2026-03-12 03:57:20,181 - INFO - Condition number: 1535.053966
2026-03-12 03:57:20,181 - INFO - ERF: 3969
2026-03-12 03:57:20,234 - INFO - L2 error (vs RK4): 0.000000
2026-03-12 03:57:20,235 - INFO - VRAM peak (eval window): 15179.3 MB
2026-03-12 03:57:20,235 - INFO - Evaluation time: 268.6s
2026-03-12 03:57:20,235 - INFO - --------------------------------------------------------------------------------

2026-03-12 03:58:47,673 - INFO - iter  4510 | loss 0.6826 | lr 4.62e-04 | 56559 tok/s | 8725.4 ms/step
2026-03-12 04:00:15,003 - INFO - iter  4520 | loss 0.6948 | lr 4.61e-04 | 56566 tok/s | 8725.4 ms/step
2026-03-12 04:01:42,330 - INFO - iter  4530 | loss 0.6592 | lr 4.61e-04 | 56573 tok/s | 8725.5 ms/step
2026-03-12 04:03:09,658 - INFO - iter  4540 | loss 0.7231 | lr 4.61e-04 | 56581 tok/s | 8725.5 ms/step
2026-03-12 04:04:36,983 - INFO - iter  4550 | loss 0.6973 | lr 4.61e-04 | 56588 tok/s | 8725.3 ms/step
2026-03-12 04:06:04,312 - INFO - iter  4560 | loss 0.6753 | lr 4.60e-04 | 56595 tok/s | 8725.3 ms/step
2026-03-12 04:07:31,638 - INFO - iter  4570 | loss 0.6792 | lr 4.60e-04 | 56602 tok/s | 8725.4 ms/step
2026-03-12 04:08:58,968 - INFO - iter  4580 | loss 0.7051 | lr 4.60e-04 | 56609 tok/s | 8725.4 ms/step
2026-03-12 04:10:26,294 - INFO - iter  4590 | loss 0.7002 | lr 4.60e-04 | 56616 tok/s | 8725.4 ms/step
2026-03-12 04:11:53,625 - INFO - iter  4600 | loss 0.6929 | lr 4.60e-04 | 56623 tok/s | 8725.5 ms/step
2026-03-12 04:13:20,966 - INFO - iter  4610 | loss 0.6943 | lr 4.59e-04 | 56630 tok/s | 8725.5 ms/step
2026-03-12 04:14:48,295 - INFO - iter  4620 | loss 0.6919 | lr 4.59e-04 | 56637 tok/s | 8725.5 ms/step
2026-03-12 04:16:15,622 - INFO - iter  4630 | loss 0.6934 | lr 4.59e-04 | 56644 tok/s | 8725.5 ms/step
2026-03-12 04:17:42,952 - INFO - iter  4640 | loss 0.6855 | lr 4.59e-04 | 56651 tok/s | 8725.5 ms/step
2026-03-12 04:19:10,281 - INFO - iter  4650 | loss 0.6875 | lr 4.58e-04 | 56658 tok/s | 8725.6 ms/step
2026-03-12 04:20:37,613 - INFO - iter  4660 | loss 0.6836 | lr 4.58e-04 | 56665 tok/s | 8725.6 ms/step
2026-03-12 04:22:04,943 - INFO - iter  4670 | loss 0.6470 | lr 4.58e-04 | 56671 tok/s | 8725.6 ms/step
2026-03-12 04:22:13,709 - INFO - ✓ Saved checkpoint: checkpoints_research/checkpoint_step4671_20260312_042213.pt
2026-03-12 04:22:13,710 - INFO -   Step: 4671, Wall-clock: 12.01h
2026-03-12 04:22:13,711 - INFO - Deleted old checkpoint: checkpoint_step794_20260311_182206.pt
2026-03-12 04:23:32,379 - INFO - iter  4680 | loss 0.7002 | lr 4.58e-04 | 56678 tok/s | 8725.7 ms/step
2026-03-12 04:24:59,705 - INFO - iter  4690 | loss 0.7739 | lr 4.58e-04 | 56685 tok/s | 8725.7 ms/step
2026-03-12 04:26:27,033 - INFO - iter  4700 | loss 0.7017 | lr 4.57e-04 | 56691 tok/s | 8725.6 ms/step
2026-03-12 04:27:54,370 - INFO - iter  4710 | loss 0.6729 | lr 4.57e-04 | 56698 tok/s | 8725.6 ms/step
2026-03-12 04:29:21,699 - INFO - iter  4720 | loss 0.6958 | lr 4.57e-04 | 56705 tok/s | 8725.6 ms/step
2026-03-12 04:30:49,028 - INFO - iter  4730 | loss 0.6738 | lr 4.57e-04 | 56712 tok/s | 8725.6 ms/step
2026-03-12 04:32:16,357 - INFO - iter  4740 | loss 0.6938 | lr 4.56e-04 | 56718 tok/s | 8725.6 ms/step
2026-03-12 04:33:43,684 - INFO - iter  4750 | loss 0.6890 | lr 4.56e-04 | 56725 tok/s | 8725.6 ms/step
2026-03-12 04:35:11,012 - INFO - iter  4760 | loss 0.7017 | lr 4.56e-04 | 56731 tok/s | 8725.5 ms/step
2026-03-12 04:36:38,338 - INFO - iter  4770 | loss 0.6958 | lr 4.56e-04 | 56738 tok/s | 8725.5 ms/step
2026-03-12 04:38:05,665 - INFO - iter  4780 | loss 0.6919 | lr 4.56e-04 | 56744 tok/s | 8725.4 ms/step
2026-03-12 04:39:32,991 - INFO - iter  4790 | loss 0.6953 | lr 4.55e-04 | 56751 tok/s | 8725.4 ms/step
2026-03-12 04:41:00,321 - INFO - iter  4800 | loss 0.7061 | lr 4.55e-04 | 56757 tok/s | 8725.5 ms/step
2026-03-12 04:42:27,660 - INFO - iter  4810 | loss 0.6938 | lr 4.55e-04 | 56764 tok/s | 8725.5 ms/step
2026-03-12 04:43:54,993 - INFO - iter  4820 | loss 0.6938 | lr 4.55e-04 | 56770 tok/s | 8725.5 ms/step
2026-03-12 04:45:22,321 - INFO - iter  4830 | loss 0.6880 | lr 4.54e-04 | 56777 tok/s | 8725.5 ms/step
2026-03-12 04:46:49,654 - INFO - iter  4840 | loss 0.6836 | lr 4.54e-04 | 56783 tok/s | 8725.5 ms/step
2026-03-12 04:48:16,985 - INFO - iter  4850 | loss 0.6992 | lr 4.54e-04 | 56789 tok/s | 8725.6 ms/step
2026-03-12 04:49:44,319 - INFO - iter  4860 | loss 0.6890 | lr 4.54e-04 | 56796 tok/s | 8725.6 ms/step
2026-03-12 04:51:11,648 - INFO - iter  4870 | loss 0.6885 | lr 4.54e-04 | 56802 tok/s | 8725.7 ms/step
2026-03-12 04:52:38,979 - INFO - iter  4880 | loss 0.7046 | lr 4.53e-04 | 56808 tok/s | 8725.7 ms/step
2026-03-12 04:54:06,309 - INFO - iter  4890 | loss 0.6826 | lr 4.53e-04 | 56814 tok/s | 8725.8 ms/step
2026-03-12 04:55:33,640 - INFO - iter  4900 | loss 0.6855 | lr 4.53e-04 | 56821 tok/s | 8725.8 ms/step
2026-03-12 04:57:00,981 - INFO - iter  4910 | loss 0.6938 | lr 4.53e-04 | 56827 tok/s | 8725.7 ms/step
2026-03-12 04:58:28,308 - INFO - iter  4920 | loss 0.6763 | lr 4.52e-04 | 56833 tok/s | 8725.6 ms/step
2026-03-12 04:59:55,632 - INFO - iter  4930 | loss 0.7139 | lr 4.52e-04 | 56839 tok/s | 8725.6 ms/step
2026-03-12 05:01:22,993 - INFO - iter  4940 | loss 0.6934 | lr 4.52e-04 | 56845 tok/s | 8725.9 ms/step
2026-03-12 05:02:50,323 - INFO - iter  4950 | loss 0.6938 | lr 4.52e-04 | 56851 tok/s | 8725.9 ms/step
2026-03-12 05:04:17,659 - INFO - iter  4960 | loss 0.6899 | lr 4.51e-04 | 56857 tok/s | 8725.9 ms/step
2026-03-12 05:05:44,987 - INFO - iter  4970 | loss 0.7090 | lr 4.51e-04 | 56863 tok/s | 8725.9 ms/step
2026-03-12 05:07:12,316 - INFO - iter  4980 | loss 0.6812 | lr 4.51e-04 | 56869 tok/s | 8725.8 ms/step
2026-03-12 05:08:39,640 - INFO - iter  4990 | loss 0.7388 | lr 4.51e-04 | 56876 tok/s | 8725.8 ms/step
2026-03-12 05:10:06,967 - INFO - iter  5000 | loss 0.6953 | lr 4.50e-04 | 56881 tok/s | 8725.7 ms/step
2026-03-12 05:10:06,984 - INFO - 
--------------------------------------------------------------------------------
2026-03-12 05:10:06,984 - INFO - EVALUATION at iter 5000
2026-03-12 05:10:06,985 - INFO - --------------------------------------------------------------------------------
2026-03-12 05:14:32,881 - INFO - Val loss: 0.6931 | Val accuracy: 0.5150
2026-03-12 05:14:35,533 - INFO - Spectral radius: 0.999004
2026-03-12 05:14:35,534 - INFO - Condition number: 1434.443058
2026-03-12 05:14:35,534 - INFO - ERF: 3721
2026-03-12 05:14:35,586 - INFO - L2 error (vs RK4): 0.000000
2026-03-12 05:14:35,587 - INFO - VRAM peak (eval window): 15179.3 MB
2026-03-12 05:14:35,588 - INFO - Evaluation time: 268.6s
2026-03-12 05:14:35,588 - INFO - --------------------------------------------------------------------------------

2026-03-12 05:14:35,616 - INFO - ✓ Saved BEST checkpoint: checkpoints_research/best_checkpoint.pt
2026-03-12 05:14:35,617 - INFO -   Step: 5000, Val loss: N/A
2026-03-12 05:16:03,042 - INFO - iter  5010 | loss 0.7080 | lr 4.50e-04 | 56558 tok/s | 8725.7 ms/step
2026-03-12 05:17:30,371 - INFO - iter  5020 | loss 0.6870 | lr 4.50e-04 | 56565 tok/s | 8725.8 ms/step
2026-03-12 05:18:57,699 - INFO - iter  5030 | loss 0.6895 | lr 4.50e-04 | 56571 tok/s | 8725.8 ms/step
2026-03-12 05:20:25,027 - INFO - iter  5040 | loss 0.6895 | lr 4.49e-04 | 56578 tok/s | 8725.5 ms/step
2026-03-12 05:21:52,351 - INFO - iter  5050 | loss 0.7026 | lr 4.49e-04 | 56584 tok/s | 8725.4 ms/step
2026-03-12 05:23:19,679 - INFO - iter  5060 | loss 0.6919 | lr 4.49e-04 | 56591 tok/s | 8725.3 ms/step
2026-03-12 05:24:47,004 - INFO - iter  5070 | loss 0.6924 | lr 4.49e-04 | 56597 tok/s | 8725.3 ms/step
2026-03-12 05:26:14,331 - INFO - iter  5080 | loss 0.6943 | lr 4.49e-04 | 56604 tok/s | 8725.3 ms/step
2026-03-12 05:27:41,658 - INFO - iter  5090 | loss 0.6938 | lr 4.48e-04 | 56610 tok/s | 8725.3 ms/step
2026-03-12 05:29:08,986 - INFO - iter  5100 | loss 0.7046 | lr 4.48e-04 | 56616 tok/s | 8725.3 ms/step
2026-03-12 05:30:36,344 - INFO - iter  5110 | loss 0.6938 | lr 4.48e-04 | 56622 tok/s | 8725.5 ms/step
2026-03-12 05:32:03,672 - INFO - iter  5120 | loss 0.7148 | lr 4.48e-04 | 56629 tok/s | 8725.5 ms/step
2026-03-12 05:33:30,997 - INFO - iter  5130 | loss 0.7065 | lr 4.47e-04 | 56635 tok/s | 8725.5 ms/step
2026-03-12 05:34:58,321 - INFO - iter  5140 | loss 0.6899 | lr 4.47e-04 | 56641 tok/s | 8725.5 ms/step
2026-03-12 05:36:25,644 - INFO - iter  5150 | loss 0.6938 | lr 4.47e-04 | 56648 tok/s | 8725.4 ms/step
2026-03-12 05:37:52,968 - INFO - iter  5160 | loss 0.6851 | lr 4.47e-04 | 56654 tok/s | 8725.4 ms/step
2026-03-12 05:39:20,291 - INFO - iter  5170 | loss 0.6855 | lr 4.46e-04 | 56660 tok/s | 8725.4 ms/step
2026-03-12 05:40:47,617 - INFO - iter  5180 | loss 0.6914 | lr 4.46e-04 | 56666 tok/s | 8725.4 ms/step
2026-03-12 05:42:14,940 - INFO - iter  5190 | loss 0.6919 | lr 4.46e-04 | 56672 tok/s | 8725.3 ms/step
2026-03-12 05:43:42,264 - INFO - iter  5200 | loss 0.6968 | lr 4.46e-04 | 56678 tok/s | 8725.3 ms/step
2026-03-12 05:45:09,596 - INFO - iter  5210 | loss 0.6963 | lr 4.45e-04 | 56684 tok/s | 8725.1 ms/step
2026-03-12 05:46:36,919 - INFO - iter  5220 | loss 0.6909 | lr 4.45e-04 | 56690 tok/s | 8725.1 ms/step
2026-03-12 05:48:04,242 - INFO - iter  5230 | loss 0.6846 | lr 4.45e-04 | 56697 tok/s | 8725.0 ms/step
2026-03-12 05:49:31,566 - INFO - iter  5240 | loss 0.6812 | lr 4.45e-04 | 56703 tok/s | 8725.0 ms/step
2026-03-12 05:50:58,889 - INFO - iter  5250 | loss 0.6802 | lr 4.44e-04 | 56709 tok/s | 8725.0 ms/step
2026-03-12 05:52:26,213 - INFO - iter  5260 | loss 0.6587 | lr 4.44e-04 | 56715 tok/s | 8725.0 ms/step
2026-03-12 05:53:53,535 - INFO - iter  5270 | loss 0.7773 | lr 4.44e-04 | 56720 tok/s | 8725.0 ms/step
2026-03-12 05:55:20,861 - INFO - iter  5280 | loss 0.6992 | lr 4.44e-04 | 56726 tok/s | 8725.0 ms/step
2026-03-12 05:56:48,182 - INFO - iter  5290 | loss 0.7290 | lr 4.43e-04 | 56732 tok/s | 8725.0 ms/step
2026-03-12 05:58:15,505 - INFO - iter  5300 | loss 0.6782 | lr 4.43e-04 | 56738 tok/s | 8725.0 ms/step
2026-03-12 05:59:42,839 - INFO - iter  5310 | loss 0.7031 | lr 4.43e-04 | 56744 tok/s | 8725.0 ms/step
2026-03-12 06:01:10,164 - INFO - iter  5320 | loss 0.6641 | lr 4.43e-04 | 56750 tok/s | 8725.0 ms/step
2026-03-12 06:02:37,488 - INFO - iter  5330 | loss 0.7314 | lr 4.42e-04 | 56756 tok/s | 8725.1 ms/step
2026-03-12 06:04:04,817 - INFO - iter  5340 | loss 0.7114 | lr 4.42e-04 | 56762 tok/s | 8725.1 ms/step
2026-03-12 06:05:32,142 - INFO - iter  5350 | loss 0.7207 | lr 4.42e-04 | 56767 tok/s | 8725.1 ms/step
2026-03-12 06:06:59,469 - INFO - iter  5360 | loss 0.6938 | lr 4.42e-04 | 56773 tok/s | 8725.1 ms/step
2026-03-12 06:08:26,794 - INFO - iter  5370 | loss 0.7114 | lr 4.41e-04 | 56779 tok/s | 8725.2 ms/step
2026-03-12 06:09:54,122 - INFO - iter  5380 | loss 0.6943 | lr 4.41e-04 | 56785 tok/s | 8725.2 ms/step
2026-03-12 06:11:21,447 - INFO - iter  5390 | loss 0.7192 | lr 4.41e-04 | 56790 tok/s | 8725.3 ms/step
2026-03-12 06:12:48,774 - INFO - iter  5400 | loss 0.6880 | lr 4.41e-04 | 56796 tok/s | 8725.3 ms/step
2026-03-12 06:14:16,107 - INFO - iter  5410 | loss 0.6899 | lr 4.40e-04 | 56802 tok/s | 8725.3 ms/step
2026-03-12 06:15:43,433 - INFO - iter  5420 | loss 0.7051 | lr 4.40e-04 | 56807 tok/s | 8725.3 ms/step
2026-03-12 06:17:10,758 - INFO - iter  5430 | loss 0.7051 | lr 4.40e-04 | 56813 tok/s | 8725.3 ms/step
2026-03-12 06:18:38,084 - INFO - iter  5440 | loss 0.6836 | lr 4.39e-04 | 56819 tok/s | 8725.3 ms/step
2026-03-12 06:20:05,430 - INFO - iter  5450 | loss 0.6841 | lr 4.39e-04 | 56824 tok/s | 8725.5 ms/step
2026-03-12 06:21:32,755 - INFO - iter  5460 | loss 0.6821 | lr 4.39e-04 | 56830 tok/s | 8725.5 ms/step
2026-03-12 06:22:16,445 - INFO - ✓ Saved checkpoint: checkpoints_research/checkpoint_step5465_20260312_062216.pt
2026-03-12 06:22:16,445 - INFO -   Step: 5465, Wall-clock: 14.01h
2026-03-12 06:22:16,447 - INFO - Deleted old checkpoint: checkpoint_step1557_20260311_202207.pt
2026-03-12 06:23:00,121 - INFO - iter  5470 | loss 0.7109 | lr 4.39e-04 | 56835 tok/s | 8724.8 ms/step
2026-03-12 06:24:27,444 - INFO - iter  5480 | loss 0.6763 | lr 4.38e-04 | 56841 tok/s | 8724.7 ms/step
2026-03-12 06:25:54,763 - INFO - iter  5490 | loss 0.7197 | lr 4.38e-04 | 56846 tok/s | 8724.7 ms/step
2026-03-12 06:27:22,085 - INFO - iter  5500 | loss 0.6968 | lr 4.38e-04 | 56852 tok/s | 8724.6 ms/step
2026-03-12 06:27:22,102 - INFO - 
--------------------------------------------------------------------------------
2026-03-12 06:27:22,102 - INFO - EVALUATION at iter 5500
2026-03-12 06:27:22,103 - INFO - --------------------------------------------------------------------------------
2026-03-12 06:31:47,991 - INFO - Val loss: 0.6984 | Val accuracy: 0.4850
2026-03-12 06:31:50,643 - INFO - Spectral radius: 0.999017
2026-03-12 06:31:50,644 - INFO - Condition number: 1514.348496
2026-03-12 06:31:50,644 - INFO - ERF: 3707
2026-03-12 06:31:50,696 - INFO - L2 error (vs RK4): 0.000000
2026-03-12 06:31:50,697 - INFO - VRAM peak (eval window): 15179.3 MB
2026-03-12 06:31:50,698 - INFO - Evaluation time: 268.6s
2026-03-12 06:31:50,698 - INFO - --------------------------------------------------------------------------------

2026-03-12 06:33:18,128 - INFO - iter  5510 | loss 0.7334 | lr 4.38e-04 | 56558 tok/s | 8724.6 ms/step
2026-03-12 06:34:45,452 - INFO - iter  5520 | loss 0.7319 | lr 4.37e-04 | 56564 tok/s | 8724.6 ms/step
2026-03-12 06:36:12,772 - INFO - iter  5530 | loss 0.6782 | lr 4.37e-04 | 56570 tok/s | 8724.5 ms/step
2026-03-12 06:37:40,096 - INFO - iter  5540 | loss 0.6768 | lr 4.37e-04 | 56576 tok/s | 8724.5 ms/step
2026-03-12 06:39:07,417 - INFO - iter  5550 | loss 0.7300 | lr 4.37e-04 | 56582 tok/s | 8724.2 ms/step
2026-03-12 06:40:34,742 - INFO - iter  5560 | loss 0.7046 | lr 4.36e-04 | 56588 tok/s | 8724.2 ms/step
2026-03-12 06:42:02,062 - INFO - iter  5570 | loss 0.7012 | lr 4.36e-04 | 56594 tok/s | 8724.8 ms/step
2026-03-12 06:43:29,385 - INFO - iter  5580 | loss 0.6909 | lr 4.36e-04 | 56599 tok/s | 8724.8 ms/step
2026-03-12 06:44:56,706 - INFO - iter  5590 | loss 0.6929 | lr 4.36e-04 | 56605 tok/s | 8724.9 ms/step
2026-03-12 06:46:24,031 - INFO - iter  5600 | loss 0.6953 | lr 4.35e-04 | 56611 tok/s | 8724.9 ms/step
2026-03-12 06:47:51,381 - INFO - iter  5610 | loss 0.6958 | lr 4.35e-04 | 56617 tok/s | 8724.9 ms/step
2026-03-12 06:49:18,705 - INFO - iter  5620 | loss 0.7505 | lr 4.35e-04 | 56622 tok/s | 8724.9 ms/step
2026-03-12 06:50:46,027 - INFO - iter  5630 | loss 0.6602 | lr 4.34e-04 | 56628 tok/s | 8724.9 ms/step
2026-03-12 06:52:13,353 - INFO - iter  5640 | loss 0.6938 | lr 4.34e-04 | 56634 tok/s | 8725.0 ms/step
2026-03-12 06:53:40,676 - INFO - iter  5650 | loss 0.6929 | lr 4.34e-04 | 56640 tok/s | 8725.0 ms/step
2026-03-12 06:55:08,001 - INFO - iter  5660 | loss 0.6924 | lr 4.34e-04 | 56645 tok/s | 8725.0 ms/step
2026-03-12 06:56:35,325 - INFO - iter  5670 | loss 0.6846 | lr 4.33e-04 | 56651 tok/s | 8725.0 ms/step
2026-03-12 06:58:02,653 - INFO - iter  5680 | loss 0.6631 | lr 4.33e-04 | 56656 tok/s | 8725.1 ms/step
2026-03-12 06:59:29,979 - INFO - iter  5690 | loss 0.6777 | lr 4.33e-04 | 56662 tok/s | 8725.1 ms/step
2026-03-12 07:00:57,307 - INFO - iter  5700 | loss 0.6968 | lr 4.33e-04 | 56668 tok/s | 8725.1 ms/step
2026-03-12 07:02:24,639 - INFO - iter  5710 | loss 0.6465 | lr 4.32e-04 | 56673 tok/s | 8725.2 ms/step
2026-03-12 07:03:51,965 - INFO - iter  5720 | loss 0.6992 | lr 4.32e-04 | 56679 tok/s | 8725.2 ms/step
2026-03-12 07:05:19,288 - INFO - iter  5730 | loss 0.6460 | lr 4.32e-04 | 56684 tok/s | 8725.2 ms/step
2026-03-12 07:06:46,616 - INFO - iter  5740 | loss 0.7534 | lr 4.31e-04 | 56690 tok/s | 8725.2 ms/step
2026-03-12 07:08:13,939 - INFO - iter  5750 | loss 0.7246 | lr 4.31e-04 | 56695 tok/s | 8725.2 ms/step
2026-03-12 07:09:41,266 - INFO - iter  5760 | loss 0.6943 | lr 4.31e-04 | 56701 tok/s | 8725.2 ms/step
2026-03-12 07:11:08,588 - INFO - iter  5770 | loss 0.7192 | lr 4.31e-04 | 56706 tok/s | 8725.2 ms/step
2026-03-12 07:12:35,914 - INFO - iter  5780 | loss 0.6855 | lr 4.30e-04 | 56712 tok/s | 8725.2 ms/step
2026-03-12 07:14:03,235 - INFO - iter  5790 | loss 0.6855 | lr 4.30e-04 | 56717 tok/s | 8725.1 ms/step
2026-03-12 07:15:30,560 - INFO - iter  5800 | loss 0.6953 | lr 4.30e-04 | 56723 tok/s | 8725.1 ms/step
2026-03-12 07:16:57,897 - INFO - iter  5810 | loss 0.7378 | lr 4.30e-04 | 56728 tok/s | 8725.2 ms/step
2026-03-12 07:18:25,226 - INFO - iter  5820 | loss 0.6816 | lr 4.29e-04 | 56733 tok/s | 8725.2 ms/step
2026-03-12 07:19:52,552 - INFO - iter  5830 | loss 0.6787 | lr 4.29e-04 | 56739 tok/s | 8725.2 ms/step
2026-03-12 07:21:19,880 - INFO - iter  5840 | loss 0.6924 | lr 4.29e-04 | 56744 tok/s | 8725.2 ms/step
2026-03-12 07:22:47,205 - INFO - iter  5850 | loss 0.6919 | lr 4.28e-04 | 56749 tok/s | 8725.3 ms/step
2026-03-12 07:24:14,536 - INFO - iter  5860 | loss 0.7051 | lr 4.28e-04 | 56755 tok/s | 8725.3 ms/step
2026-03-12 07:25:41,861 - INFO - iter  5870 | loss 0.7026 | lr 4.28e-04 | 56760 tok/s | 8725.3 ms/step
2026-03-12 07:27:09,193 - INFO - iter  5880 | loss 0.6929 | lr 4.28e-04 | 56765 tok/s | 8725.4 ms/step
2026-03-12 07:28:36,521 - INFO - iter  5890 | loss 0.6768 | lr 4.27e-04 | 56770 tok/s | 8725.4 ms/step
2026-03-12 07:30:03,852 - INFO - iter  5900 | loss 0.7554 | lr 4.27e-04 | 56776 tok/s | 8725.5 ms/step
2026-03-12 07:31:31,188 - INFO - iter  5910 | loss 0.7358 | lr 4.27e-04 | 56781 tok/s | 8725.5 ms/step
2026-03-12 07:32:58,518 - INFO - iter  5920 | loss 0.6948 | lr 4.26e-04 | 56786 tok/s | 8725.5 ms/step
2026-03-12 07:34:25,843 - INFO - iter  5930 | loss 0.6943 | lr 4.26e-04 | 56791 tok/s | 8725.5 ms/step
2026-03-12 07:35:53,172 - INFO - iter  5940 | loss 0.6660 | lr 4.26e-04 | 56796 tok/s | 8725.5 ms/step
2026-03-12 07:37:20,521 - INFO - iter  5950 | loss 0.6455 | lr 4.26e-04 | 56802 tok/s | 8725.7 ms/step
2026-03-12 07:38:47,848 - INFO - iter  5960 | loss 0.6704 | lr 4.25e-04 | 56807 tok/s | 8725.7 ms/step
2026-03-12 07:40:15,173 - INFO - iter  5970 | loss 0.6719 | lr 4.25e-04 | 56812 tok/s | 8725.7 ms/step
2026-03-12 07:41:42,501 - INFO - iter  5980 | loss 0.6992 | lr 4.25e-04 | 56817 tok/s | 8725.7 ms/step
2026-03-12 07:43:09,825 - INFO - iter  5990 | loss 0.7114 | lr 4.24e-04 | 56822 tok/s | 8725.6 ms/step
2026-03-12 07:44:37,151 - INFO - iter  6000 | loss 0.6904 | lr 4.24e-04 | 56827 tok/s | 8725.6 ms/step
2026-03-12 07:44:37,167 - INFO - 
--------------------------------------------------------------------------------
2026-03-12 07:44:37,167 - INFO - EVALUATION at iter 6000
2026-03-12 07:44:37,168 - INFO - --------------------------------------------------------------------------------
2026-03-12 07:49:03,077 - INFO - Val loss: 0.6926 | Val accuracy: 0.5150
2026-03-12 07:49:05,730 - INFO - Spectral radius: 0.999007
2026-03-12 07:49:05,730 - INFO - Condition number: 1603.839249
2026-03-12 07:49:05,731 - INFO - ERF: 3828
2026-03-12 07:49:05,787 - INFO - L2 error (vs RK4): 0.000000
2026-03-12 07:49:05,788 - INFO - VRAM peak (eval window): 15179.3 MB
2026-03-12 07:49:05,788 - INFO - Evaluation time: 268.6s
2026-03-12 07:49:05,788 - INFO - --------------------------------------------------------------------------------

2026-03-12 07:49:05,817 - INFO - ✓ Saved BEST checkpoint: checkpoints_research/best_checkpoint.pt
2026-03-12 07:49:05,817 - INFO -   Step: 6000, Val loss: N/A
2026-03-12 07:50:33,257 - INFO - iter  6010 | loss 0.6914 | lr 4.24e-04 | 56558 tok/s | 8725.6 ms/step
2026-03-12 07:52:00,584 - INFO - iter  6020 | loss 0.6865 | lr 4.24e-04 | 56563 tok/s | 8725.5 ms/step
2026-03-12 07:53:27,907 - INFO - iter  6030 | loss 0.6899 | lr 4.23e-04 | 56569 tok/s | 8725.5 ms/step
2026-03-12 07:54:55,234 - INFO - iter  6040 | loss 0.6934 | lr 4.23e-04 | 56574 tok/s | 8725.5 ms/step
2026-03-12 07:56:22,559 - INFO - iter  6050 | loss 0.6831 | lr 4.23e-04 | 56580 tok/s | 8725.2 ms/step
2026-03-12 07:57:49,885 - INFO - iter  6060 | loss 0.6802 | lr 4.22e-04 | 56585 tok/s | 8725.2 ms/step
2026-03-12 07:59:17,207 - INFO - iter  6070 | loss 0.7036 | lr 4.22e-04 | 56590 tok/s | 8725.2 ms/step
2026-03-12 08:00:44,532 - INFO - iter  6080 | loss 0.7036 | lr 4.22e-04 | 56596 tok/s | 8725.2 ms/step
2026-03-12 08:02:11,856 - INFO - iter  6090 | loss 0.7246 | lr 4.22e-04 | 56601 tok/s | 8725.2 ms/step
2026-03-12 08:03:39,181 - INFO - iter  6100 | loss 0.6924 | lr 4.21e-04 | 56606 tok/s | 8725.2 ms/step
2026-03-12 08:05:06,515 - INFO - iter  6110 | loss 0.6934 | lr 4.21e-04 | 56612 tok/s | 8725.2 ms/step
2026-03-12 08:06:33,844 - INFO - iter  6120 | loss 0.6919 | lr 4.21e-04 | 56617 tok/s | 8725.2 ms/step
2026-03-12 08:08:01,170 - INFO - iter  6130 | loss 0.7041 | lr 4.20e-04 | 56622 tok/s | 8725.2 ms/step
2026-03-12 08:09:28,498 - INFO - iter  6140 | loss 0.6978 | lr 4.20e-04 | 56627 tok/s | 8725.2 ms/step
2026-03-12 08:10:55,824 - INFO - iter  6150 | loss 0.6924 | lr 4.20e-04 | 56633 tok/s | 8725.2 ms/step
2026-03-12 08:12:23,152 - INFO - iter  6160 | loss 0.6704 | lr 4.20e-04 | 56638 tok/s | 8725.2 ms/step
2026-03-12 08:13:50,478 - INFO - iter  6170 | loss 0.6929 | lr 4.19e-04 | 56643 tok/s | 8725.3 ms/step
2026-03-12 08:15:17,805 - INFO - iter  6180 | loss 0.6665 | lr 4.19e-04 | 56648 tok/s | 8725.3 ms/step
2026-03-12 08:16:45,134 - INFO - iter  6190 | loss 0.6650 | lr 4.19e-04 | 56653 tok/s | 8725.3 ms/step
2026-03-12 08:18:12,464 - INFO - iter  6200 | loss 0.6948 | lr 4.18e-04 | 56659 tok/s | 8725.4 ms/step
2026-03-12 08:19:39,799 - INFO - iter  6210 | loss 0.6938 | lr 4.18e-04 | 56664 tok/s | 8725.4 ms/step
2026-03-12 08:21:07,126 - INFO - iter  6220 | loss 0.6875 | lr 4.18e-04 | 56669 tok/s | 8725.4 ms/step
2026-03-12 08:22:17,015 - INFO - ✓ Saved checkpoint: checkpoints_research/checkpoint_step6228_20260312_082216.pt
2026-03-12 08:22:17,016 - INFO -   Step: 6228, Wall-clock: 16.01h
2026-03-12 08:22:17,018 - INFO - Deleted old checkpoint: checkpoint_step2351_20260311_222209.pt
2026-03-12 08:22:34,495 - INFO - iter  6230 | loss 0.7080 | lr 4.17e-04 | 56674 tok/s | 8724.7 ms/step
2026-03-12 08:24:01,822 - INFO - iter  6240 | loss 0.6880 | lr 4.17e-04 | 56679 tok/s | 8724.7 ms/step
2026-03-12 08:25:29,146 - INFO - iter  6250 | loss 0.7021 | lr 4.17e-04 | 56684 tok/s | 8724.7 ms/step
2026-03-12 08:26:56,472 - INFO - iter  6260 | loss 0.6787 | lr 4.17e-04 | 56689 tok/s | 8724.7 ms/step
2026-03-12 08:28:23,797 - INFO - iter  6270 | loss 0.6943 | lr 4.16e-04 | 56694 tok/s | 8724.7 ms/step
2026-03-12 08:29:51,125 - INFO - iter  6280 | loss 0.6919 | lr 4.16e-04 | 56699 tok/s | 8724.7 ms/step
2026-03-12 08:31:18,450 - INFO - iter  6290 | loss 0.6929 | lr 4.16e-04 | 56704 tok/s | 8724.6 ms/step
2026-03-12 08:32:45,777 - INFO - iter  6300 | loss 0.6831 | lr 4.15e-04 | 56709 tok/s | 8724.6 ms/step
2026-03-12 08:34:13,132 - INFO - iter  6310 | loss 0.7021 | lr 4.15e-04 | 56714 tok/s | 8724.8 ms/step
2026-03-12 08:35:40,458 - INFO - iter  6320 | loss 0.6938 | lr 4.15e-04 | 56719 tok/s | 8724.8 ms/step
2026-03-12 08:37:07,782 - INFO - iter  6330 | loss 0.6938 | lr 4.14e-04 | 56724 tok/s | 8725.4 ms/step
2026-03-12 08:38:35,108 - INFO - iter  6340 | loss 0.6963 | lr 4.14e-04 | 56729 tok/s | 8725.4 ms/step
2026-03-12 08:40:02,432 - INFO - iter  6350 | loss 0.6753 | lr 4.14e-04 | 56734 tok/s | 8725.4 ms/step
2026-03-12 08:41:29,758 - INFO - iter  6360 | loss 0.7036 | lr 4.14e-04 | 56739 tok/s | 8725.4 ms/step
2026-03-12 08:42:57,082 - INFO - iter  6370 | loss 0.6948 | lr 4.13e-04 | 56744 tok/s | 8725.4 ms/step
2026-03-12 08:44:24,409 - INFO - iter  6380 | loss 0.6475 | lr 4.13e-04 | 56749 tok/s | 8725.3 ms/step
2026-03-12 08:45:51,731 - INFO - iter  6390 | loss 0.6968 | lr 4.13e-04 | 56753 tok/s | 8725.3 ms/step
2026-03-12 08:47:19,059 - INFO - iter  6400 | loss 0.7334 | lr 4.12e-04 | 56758 tok/s | 8725.3 ms/step
2026-03-12 08:48:46,401 - INFO - iter  6410 | loss 0.6938 | lr 4.12e-04 | 56763 tok/s | 8725.2 ms/step
2026-03-12 08:50:13,733 - INFO - iter  6420 | loss 0.6948 | lr 4.12e-04 | 56768 tok/s | 8725.3 ms/step
2026-03-12 08:51:41,064 - INFO - iter  6430 | loss 0.6772 | lr 4.11e-04 | 56773 tok/s | 8725.3 ms/step
2026-03-12 08:53:08,417 - INFO - iter  6440 | loss 0.6860 | lr 4.11e-04 | 56778 tok/s | 8725.6 ms/step
2026-03-12 08:54:35,744 - INFO - iter  6450 | loss 0.7007 | lr 4.11e-04 | 56782 tok/s | 8725.7 ms/step
2026-03-12 08:56:03,073 - INFO - iter  6460 | loss 0.6948 | lr 4.11e-04 | 56787 tok/s | 8725.7 ms/step
2026-03-12 08:57:30,400 - INFO - iter  6470 | loss 0.6885 | lr 4.10e-04 | 56792 tok/s | 8725.7 ms/step
2026-03-12 08:58:57,730 - INFO - iter  6480 | loss 0.6865 | lr 4.10e-04 | 56797 tok/s | 8725.7 ms/step
2026-03-12 09:00:25,053 - INFO - iter  6490 | loss 0.7041 | lr 4.10e-04 | 56801 tok/s | 8725.8 ms/step
2026-03-12 09:01:52,375 - INFO - iter  6500 | loss 0.6934 | lr 4.09e-04 | 56806 tok/s | 8725.7 ms/step
2026-03-12 09:01:52,381 - INFO - 
--------------------------------------------------------------------------------
2026-03-12 09:01:52,381 - INFO - EVALUATION at iter 6500
2026-03-12 09:01:52,381 - INFO - --------------------------------------------------------------------------------
2026-03-12 09:06:18,271 - INFO - Val loss: 0.6928 | Val accuracy: 0.5162
2026-03-12 09:06:20,924 - INFO - Spectral radius: 0.998960
2026-03-12 09:06:20,924 - INFO - Condition number: 1443.383280
2026-03-12 09:06:20,925 - INFO - ERF: 3545
2026-03-12 09:06:20,985 - INFO - L2 error (vs RK4): 0.000000
2026-03-12 09:06:20,986 - INFO - VRAM peak (eval window): 15179.3 MB
2026-03-12 09:06:20,986 - INFO - Evaluation time: 268.6s
2026-03-12 09:06:20,986 - INFO - --------------------------------------------------------------------------------

2026-03-12 09:07:48,405 - INFO - iter  6510 | loss 0.6938 | lr 4.09e-04 | 56558 tok/s | 8725.5 ms/step
2026-03-12 09:09:15,729 - INFO - iter  6520 | loss 0.6860 | lr 4.09e-04 | 56563 tok/s | 8725.5 ms/step
2026-03-12 09:10:43,048 - INFO - iter  6530 | loss 0.7168 | lr 4.08e-04 | 56568 tok/s | 8725.4 ms/step
2026-03-12 09:12:10,373 - INFO - iter  6540 | loss 0.6943 | lr 4.08e-04 | 56573 tok/s | 8725.1 ms/step
2026-03-12 09:13:37,693 - INFO - iter  6550 | loss 0.6821 | lr 4.08e-04 | 56578 tok/s | 8725.0 ms/step
2026-03-12 09:15:05,018 - INFO - iter  6560 | loss 0.6772 | lr 4.07e-04 | 56583 tok/s | 8725.0 ms/step
2026-03-12 09:16:32,338 - INFO - iter  6570 | loss 0.6958 | lr 4.07e-04 | 56588 tok/s | 8724.9 ms/step
2026-03-12 09:17:59,660 - INFO - iter  6580 | loss 0.6948 | lr 4.07e-04 | 56593 tok/s | 8724.8 ms/step
2026-03-12 09:19:26,980 - INFO - iter  6590 | loss 0.6816 | lr 4.07e-04 | 56598 tok/s | 8724.8 ms/step
2026-03-12 09:20:54,305 - INFO - iter  6600 | loss 0.6860 | lr 4.06e-04 | 56603 tok/s | 8724.8 ms/step
2026-03-12 09:22:21,690 - INFO - iter  6610 | loss 0.6831 | lr 4.06e-04 | 56607 tok/s | 8724.9 ms/step
2026-03-12 09:23:49,019 - INFO - iter  6620 | loss 0.6929 | lr 4.06e-04 | 56612 tok/s | 8725.0 ms/step
2026-03-12 09:25:16,344 - INFO - iter  6630 | loss 0.6929 | lr 4.05e-04 | 56617 tok/s | 8725.0 ms/step
2026-03-12 09:26:43,674 - INFO - iter  6640 | loss 0.6992 | lr 4.05e-04 | 56622 tok/s | 8725.1 ms/step
2026-03-12 09:28:10,998 - INFO - iter  6650 | loss 0.6885 | lr 4.05e-04 | 56627 tok/s | 8725.1 ms/step
2026-03-12 09:29:38,327 - INFO - iter  6660 | loss 0.6865 | lr 4.04e-04 | 56632 tok/s | 8725.2 ms/step
2026-03-12 09:31:05,650 - INFO - iter  6670 | loss 0.6938 | lr 4.04e-04 | 56637 tok/s | 8725.2 ms/step
2026-03-12 09:32:32,975 - INFO - iter  6680 | loss 0.6748 | lr 4.04e-04 | 56641 tok/s | 8725.2 ms/step
2026-03-12 09:34:00,300 - INFO - iter  6690 | loss 0.6792 | lr 4.03e-04 | 56646 tok/s | 8725.3 ms/step
2026-03-12 09:35:27,629 - INFO - iter  6700 | loss 0.6460 | lr 4.03e-04 | 56651 tok/s | 8725.3 ms/step
2026-03-12 09:36:54,963 - INFO - iter  6710 | loss 0.7026 | lr 4.03e-04 | 56656 tok/s | 8725.3 ms/step
2026-03-12 09:38:22,290 - INFO - iter  6720 | loss 0.7056 | lr 4.03e-04 | 56660 tok/s | 8725.2 ms/step
2026-03-12 09:39:49,613 - INFO - iter  6730 | loss 0.7798 | lr 4.02e-04 | 56665 tok/s | 8725.2 ms/step
2026-03-12 09:41:16,940 - INFO - iter  6740 | loss 0.7026 | lr 4.02e-04 | 56670 tok/s | 8725.2 ms/step
2026-03-12 09:42:44,264 - INFO - iter  6750 | loss 0.7021 | lr 4.02e-04 | 56675 tok/s | 8725.2 ms/step
2026-03-12 09:44:11,592 - INFO - iter  6760 | loss 0.6963 | lr 4.01e-04 | 56679 tok/s | 8725.2 ms/step
2026-03-12 09:45:38,917 - INFO - iter  6770 | loss 0.6948 | lr 4.01e-04 | 56684 tok/s | 8725.2 ms/step
2026-03-12 09:47:06,247 - INFO - iter  6780 | loss 0.6899 | lr 4.01e-04 | 56689 tok/s | 8725.2 ms/step
2026-03-12 09:48:33,574 - INFO - iter  6790 | loss 0.7271 | lr 4.00e-04 | 56693 tok/s | 8725.4 ms/step
2026-03-12 09:50:00,904 - INFO - iter  6800 | loss 0.6958 | lr 4.00e-04 | 56698 tok/s | 8725.4 ms/step
2026-03-12 09:51:28,240 - INFO - iter  6810 | loss 0.6875 | lr 4.00e-04 | 56703 tok/s | 8725.4 ms/step
2026-03-12 09:52:55,572 - INFO - iter  6820 | loss 0.6831 | lr 3.99e-04 | 56707 tok/s | 8725.5 ms/step
2026-03-12 09:54:22,899 - INFO - iter  6830 | loss 0.7251 | lr 3.99e-04 | 56712 tok/s | 8725.5 ms/step
2026-03-12 09:55:50,228 - INFO - iter  6840 | loss 0.7095 | lr 3.99e-04 | 56716 tok/s | 8725.5 ms/step
2026-03-12 09:57:17,555 - INFO - iter  6850 | loss 0.6934 | lr 3.98e-04 | 56721 tok/s | 8725.6 ms/step
2026-03-12 09:58:44,884 - INFO - iter  6860 | loss 0.6890 | lr 3.98e-04 | 56725 tok/s | 8725.6 ms/step
2026-03-12 10:00:12,209 - INFO - iter  6870 | loss 0.7051 | lr 3.98e-04 | 56730 tok/s | 8725.6 ms/step
2026-03-12 10:01:39,539 - INFO - iter  6880 | loss 0.6753 | lr 3.97e-04 | 56735 tok/s | 8725.6 ms/step
2026-03-12 10:03:06,868 - INFO - iter  6890 | loss 0.7007 | lr 3.97e-04 | 56739 tok/s | 8725.5 ms/step
2026-03-12 10:04:34,201 - INFO - iter  6900 | loss 0.7021 | lr 3.97e-04 | 56744 tok/s | 8725.5 ms/step
2026-03-12 10:06:01,571 - INFO - iter  6910 | loss 0.6987 | lr 3.96e-04 | 56748 tok/s | 8725.6 ms/step
2026-03-12 10:07:28,899 - INFO - iter  6920 | loss 0.7432 | lr 3.96e-04 | 56753 tok/s | 8725.5 ms/step
2026-03-12 10:08:56,223 - INFO - iter  6930 | loss 0.6797 | lr 3.96e-04 | 56757 tok/s | 8725.6 ms/step
2026-03-12 10:10:23,551 - INFO - iter  6940 | loss 0.6948 | lr 3.95e-04 | 56762 tok/s | 8725.6 ms/step
2026-03-12 10:11:50,902 - INFO - iter  6950 | loss 0.7168 | lr 3.95e-04 | 56766 tok/s | 8725.8 ms/step
2026-03-12 10:13:18,233 - INFO - iter  6960 | loss 0.6973 | lr 3.95e-04 | 56770 tok/s | 8725.8 ms/step
2026-03-12 10:14:45,561 - INFO - iter  6970 | loss 0.6919 | lr 3.95e-04 | 56775 tok/s | 8725.9 ms/step
2026-03-12 10:16:12,893 - INFO - iter  6980 | loss 0.6929 | lr 3.94e-04 | 56779 tok/s | 8725.9 ms/step
2026-03-12 10:17:40,222 - INFO - iter  6990 | loss 0.6870 | lr 3.94e-04 | 56784 tok/s | 8725.9 ms/step
2026-03-12 10:19:07,555 - INFO - iter  7000 | loss 0.7139 | lr 3.94e-04 | 56788 tok/s | 8725.9 ms/step
2026-03-12 10:19:07,563 - INFO - 
--------------------------------------------------------------------------------
2026-03-12 10:19:07,563 - INFO - EVALUATION at iter 7000
2026-03-12 10:19:07,563 - INFO - --------------------------------------------------------------------------------
2026-03-12 10:23:33,475 - INFO - Val loss: 0.6952 | Val accuracy: 0.4850
2026-03-12 10:23:36,129 - INFO - Spectral radius: 0.998944
2026-03-12 10:23:36,129 - INFO - Condition number: 1501.630482
2026-03-12 10:23:36,129 - INFO - ERF: 3611
2026-03-12 10:23:36,185 - INFO - L2 error (vs RK4): 0.000000
2026-03-12 10:23:36,186 - INFO - VRAM peak (eval window): 15179.3 MB
2026-03-12 10:23:36,187 - INFO - Evaluation time: 268.6s
2026-03-12 10:23:36,187 - INFO - --------------------------------------------------------------------------------

2026-03-12 10:23:36,319 - INFO - ✓ Saved checkpoint: checkpoints_research/checkpoint_step7000_20260312_102336.pt
2026-03-12 10:23:36,319 - INFO -   Step: 7000, Wall-clock: 18.03h
2026-03-12 10:23:36,321 - INFO - Deleted old checkpoint: checkpoint_step3114_20260312_002210.pt
2026-03-12 10:25:03,645 - INFO - iter  7010 | loss 0.6807 | lr 3.93e-04 | 56558 tok/s | 8725.8 ms/step
2026-03-12 10:26:30,969 - INFO - iter  7020 | loss 0.6636 | lr 3.93e-04 | 56562 tok/s | 8725.8 ms/step
2026-03-12 10:27:58,291 - INFO - iter  7030 | loss 0.6948 | lr 3.93e-04 | 56567 tok/s | 8725.6 ms/step
2026-03-12 10:29:25,616 - INFO - iter  7040 | loss 0.7241 | lr 3.92e-04 | 56572 tok/s | 8725.6 ms/step
2026-03-12 10:30:52,936 - INFO - iter  7050 | loss 0.7134 | lr 3.92e-04 | 56576 tok/s | 8725.3 ms/step
2026-03-12 10:32:20,260 - INFO - iter  7060 | loss 0.6694 | lr 3.92e-04 | 56581 tok/s | 8725.2 ms/step
2026-03-12 10:33:47,580 - INFO - iter  7070 | loss 0.6802 | lr 3.91e-04 | 56585 tok/s | 8725.2 ms/step
2026-03-12 10:35:14,905 - INFO - iter  7080 | loss 0.6938 | lr 3.91e-04 | 56590 tok/s | 8725.1 ms/step
2026-03-12 10:36:42,226 - INFO - iter  7090 | loss 0.6689 | lr 3.91e-04 | 56595 tok/s | 8725.0 ms/step
2026-03-12 10:38:09,551 - INFO - iter  7100 | loss 0.7061 | lr 3.90e-04 | 56599 tok/s | 8724.9 ms/step
2026-03-12 10:39:36,886 - INFO - iter  7110 | loss 0.7070 | lr 3.90e-04 | 56604 tok/s | 8725.0 ms/step
2026-03-12 10:41:04,212 - INFO - iter  7120 | loss 0.6938 | lr 3.90e-04 | 56608 tok/s | 8725.0 ms/step
2026-03-12 10:42:31,534 - INFO - iter  7130 | loss 0.6934 | lr 3.89e-04 | 56613 tok/s | 8725.0 ms/step
2026-03-12 10:43:58,860 - INFO - iter  7140 | loss 0.6929 | lr 3.89e-04 | 56617 tok/s | 8725.0 ms/step
2026-03-12 10:45:26,181 - INFO - iter  7150 | loss 0.6875 | lr 3.89e-04 | 56622 tok/s | 8725.0 ms/step
2026-03-12 10:46:53,504 - INFO - iter  7160 | loss 0.6938 | lr 3.88e-04 | 56626 tok/s | 8725.0 ms/step
2026-03-12 10:48:20,824 - INFO - iter  7170 | loss 0.6929 | lr 3.88e-04 | 56631 tok/s | 8725.0 ms/step
2026-03-12 10:49:48,148 - INFO - iter  7180 | loss 0.6851 | lr 3.88e-04 | 56635 tok/s | 8725.0 ms/step
2026-03-12 10:51:15,472 - INFO - iter  7190 | loss 0.6943 | lr 3.87e-04 | 56640 tok/s | 8725.0 ms/step
2026-03-12 10:52:42,802 - INFO - iter  7200 | loss 0.7100 | lr 3.87e-04 | 56644 tok/s | 8725.1 ms/step
2026-03-12 10:54:10,147 - INFO - iter  7210 | loss 0.6606 | lr 3.87e-04 | 56649 tok/s | 8725.1 ms/step
2026-03-12 10:55:37,471 - INFO - iter  7220 | loss 0.6963 | lr 3.86e-04 | 56653 tok/s | 8725.0 ms/step
2026-03-12 10:57:04,792 - INFO - iter  7230 | loss 0.7163 | lr 3.86e-04 | 56658 tok/s | 8725.0 ms/step
2026-03-12 10:58:32,114 - INFO - iter  7240 | loss 0.7129 | lr 3.86e-04 | 56662 tok/s | 8725.0 ms/step
2026-03-12 10:59:59,435 - INFO - iter  7250 | loss 0.6948 | lr 3.85e-04 | 56666 tok/s | 8725.0 ms/step
2026-03-12 11:01:26,760 - INFO - iter  7260 | loss 0.6636 | lr 3.85e-04 | 56671 tok/s | 8725.0 ms/step
2026-03-12 11:02:54,080 - INFO - iter  7270 | loss 0.6816 | lr 3.85e-04 | 56675 tok/s | 8725.0 ms/step
2026-03-12 11:04:21,405 - INFO - iter  7280 | loss 0.6938 | lr 3.84e-04 | 56679 tok/s | 8725.0 ms/step
2026-03-12 11:05:48,727 - INFO - iter  7290 | loss 0.6924 | lr 3.84e-04 | 56684 tok/s | 8725.0 ms/step
2026-03-12 11:07:16,051 - INFO - iter  7300 | loss 0.6841 | lr 3.84e-04 | 56688 tok/s | 8724.9 ms/step
2026-03-12 11:08:43,388 - INFO - iter  7310 | loss 0.6958 | lr 3.83e-04 | 56692 tok/s | 8725.0 ms/step
2026-03-12 11:10:10,714 - INFO - iter  7320 | loss 0.7720 | lr 3.83e-04 | 56697 tok/s | 8725.0 ms/step
2026-03-12 11:11:38,040 - INFO - iter  7330 | loss 0.6367 | lr 3.83e-04 | 56701 tok/s | 8725.1 ms/step
2026-03-12 11:13:05,367 - INFO - iter  7340 | loss 0.7026 | lr 3.82e-04 | 56705 tok/s | 8725.1 ms/step
2026-03-12 11:14:32,693 - INFO - iter  7350 | loss 0.6426 | lr 3.82e-04 | 56710 tok/s | 8725.2 ms/step
2026-03-12 11:16:00,021 - INFO - iter  7360 | loss 0.6948 | lr 3.82e-04 | 56714 tok/s | 8725.2 ms/step
2026-03-12 11:17:27,344 - INFO - iter  7370 | loss 0.6621 | lr 3.81e-04 | 56718 tok/s | 8725.2 ms/step
2026-03-12 11:18:54,670 - INFO - iter  7380 | loss 0.6855 | lr 3.81e-04 | 56722 tok/s | 8725.2 ms/step
2026-03-12 11:20:21,997 - INFO - iter  7390 | loss 0.6938 | lr 3.81e-04 | 56727 tok/s | 8725.3 ms/step
2026-03-12 11:21:49,325 - INFO - iter  7400 | loss 0.6938 | lr 3.80e-04 | 56731 tok/s | 8725.3 ms/step
2026-03-12 11:23:16,660 - INFO - iter  7410 | loss 0.6943 | lr 3.80e-04 | 56735 tok/s | 8725.3 ms/step
2026-03-12 11:24:43,986 - INFO - iter  7420 | loss 0.6826 | lr 3.80e-04 | 56739 tok/s | 8725.3 ms/step
2026-03-12 11:26:11,307 - INFO - iter  7430 | loss 0.6938 | lr 3.79e-04 | 56744 tok/s | 8725.3 ms/step
2026-03-12 11:27:38,658 - INFO - iter  7440 | loss 0.6953 | lr 3.79e-04 | 56748 tok/s | 8725.5 ms/step
2026-03-12 11:29:05,982 - INFO - iter  7450 | loss 0.6616 | lr 3.79e-04 | 56752 tok/s | 8725.5 ms/step
2026-03-12 11:30:33,308 - INFO - iter  7460 | loss 0.7334 | lr 3.78e-04 | 56756 tok/s | 8725.5 ms/step
2026-03-12 11:32:00,632 - INFO - iter  7470 | loss 0.6616 | lr 3.78e-04 | 56760 tok/s | 8725.5 ms/step
2026-03-12 11:33:27,957 - INFO - iter  7480 | loss 0.7056 | lr 3.78e-04 | 56764 tok/s | 8725.5 ms/step
2026-03-12 11:34:55,281 - INFO - iter  7490 | loss 0.6929 | lr 3.77e-04 | 56768 tok/s | 8725.4 ms/step
2026-03-12 11:36:22,609 - INFO - iter  7500 | loss 0.6948 | lr 3.77e-04 | 56773 tok/s | 8725.4 ms/step
2026-03-12 11:36:22,615 - INFO - 
--------------------------------------------------------------------------------
2026-03-12 11:36:22,615 - INFO - EVALUATION at iter 7500
2026-03-12 11:36:22,615 - INFO - --------------------------------------------------------------------------------
2026-03-12 11:40:48,510 - INFO - Val loss: 0.6932 | Val accuracy: 0.4850
2026-03-12 11:40:51,162 - INFO - Spectral radius: 0.998966
2026-03-12 11:40:51,162 - INFO - Condition number: 1557.721175
2026-03-12 11:40:51,163 - INFO - ERF: 3592
2026-03-12 11:40:51,217 - INFO - L2 error (vs RK4): 0.000000
2026-03-12 11:40:51,218 - INFO - VRAM peak (eval window): 15179.3 MB
2026-03-12 11:40:51,218 - INFO - Evaluation time: 268.6s
2026-03-12 11:40:51,218 - INFO - --------------------------------------------------------------------------------

2026-03-12 11:42:18,646 - INFO - iter  7510 | loss 0.6821 | lr 3.77e-04 | 56558 tok/s | 8725.4 ms/step
2026-03-12 11:43:45,975 - INFO - iter  7520 | loss 0.6733 | lr 3.76e-04 | 56562 tok/s | 8725.4 ms/step
2026-03-12 11:45:13,300 - INFO - iter  7530 | loss 0.7354 | lr 3.76e-04 | 56566 tok/s | 8725.5 ms/step
2026-03-12 11:46:40,628 - INFO - iter  7540 | loss 0.6953 | lr 3.75e-04 | 56571 tok/s | 8725.2 ms/step
2026-03-12 11:48:07,951 - INFO - iter  7550 | loss 0.6816 | lr 3.75e-04 | 56575 tok/s | 8725.2 ms/step
2026-03-12 11:49:35,279 - INFO - iter  7560 | loss 0.6899 | lr 3.75e-04 | 56579 tok/s | 8725.2 ms/step
2026-03-12 11:51:02,603 - INFO - iter  7570 | loss 0.7012 | lr 3.74e-04 | 56584 tok/s | 8725.2 ms/step
2026-03-12 11:52:29,930 - INFO - iter  7580 | loss 0.6709 | lr 3.74e-04 | 56588 tok/s | 8725.3 ms/step
2026-03-12 11:53:57,253 - INFO - iter  7590 | loss 0.6450 | lr 3.74e-04 | 56592 tok/s | 8725.2 ms/step
2026-03-12 11:55:24,581 - INFO - iter  7600 | loss 0.6978 | lr 3.73e-04 | 56596 tok/s | 8725.2 ms/step
2026-03-12 11:56:51,965 - INFO - iter  7610 | loss 0.6987 | lr 3.73e-04 | 56601 tok/s | 8725.3 ms/step
2026-03-12 11:58:19,294 - INFO - iter  7620 | loss 0.7202 | lr 3.73e-04 | 56605 tok/s | 8725.3 ms/step
2026-03-12 11:59:46,619 - INFO - iter  7630 | loss 0.6758 | lr 3.72e-04 | 56609 tok/s | 8725.3 ms/step
2026-03-12 12:01:13,945 - INFO - iter  7640 | loss 0.6938 | lr 3.72e-04 | 56613 tok/s | 8725.3 ms/step
2026-03-12 12:02:41,269 - INFO - iter  7650 | loss 0.6978 | lr 3.72e-04 | 56618 tok/s | 8725.3 ms/step
2026-03-12 12:04:08,598 - INFO - iter  7660 | loss 0.6890 | lr 3.71e-04 | 56622 tok/s | 8725.3 ms/step
2026-03-12 12:05:35,922 - INFO - iter  7670 | loss 0.6948 | lr 3.71e-04 | 56626 tok/s | 8725.3 ms/step
2026-03-12 12:07:03,249 - INFO - iter  7680 | loss 0.7031 | lr 3.71e-04 | 56630 tok/s | 8725.3 ms/step
2026-03-12 12:08:30,573 - INFO - iter  7690 | loss 0.6753 | lr 3.70e-04 | 56634 tok/s | 8725.3 ms/step
2026-03-12 12:09:57,902 - INFO - iter  7700 | loss 0.6978 | lr 3.70e-04 | 56639 tok/s | 8725.3 ms/step
2026-03-12 12:11:25,234 - INFO - iter  7710 | loss 0.6934 | lr 3.70e-04 | 56643 tok/s | 8725.3 ms/step
2026-03-12 12:12:52,559 - INFO - iter  7720 | loss 0.6938 | lr 3.69e-04 | 56647 tok/s | 8725.2 ms/step
2026-03-12 12:14:19,880 - INFO - iter  7730 | loss 0.7065 | lr 3.69e-04 | 56651 tok/s | 8725.2 ms/step
2026-03-12 12:15:47,204 - INFO - iter  7740 | loss 0.6841 | lr 3.69e-04 | 56655 tok/s | 8725.2 ms/step
2026-03-12 12:17:14,526 - INFO - iter  7750 | loss 0.6992 | lr 3.68e-04 | 56659 tok/s | 8725.2 ms/step
2026-03-12 12:18:41,852 - INFO - iter  7760 | loss 0.6958 | lr 3.68e-04 | 56663 tok/s | 8725.1 ms/step
2026-03-12 12:20:09,175 - INFO - iter  7770 | loss 0.7085 | lr 3.68e-04 | 56667 tok/s | 8725.1 ms/step
2026-03-12 12:21:36,503 - INFO - iter  7780 | loss 0.6748 | lr 3.67e-04 | 56672 tok/s | 8725.1 ms/step
2026-03-12 12:23:03,826 - INFO - iter  7790 | loss 0.6948 | lr 3.67e-04 | 56676 tok/s | 8725.1 ms/step
2026-03-12 12:23:38,787 - INFO - ✓ Saved checkpoint: checkpoints_research/checkpoint_step7794_20260312_122338.pt
2026-03-12 12:23:38,787 - INFO -   Step: 7794, Wall-clock: 20.03h
2026-03-12 12:23:38,789 - INFO - Deleted old checkpoint: checkpoint_step3908_20260312_022213.pt
2026-03-12 12:24:31,276 - INFO - iter  7800 | loss 0.6948 | lr 3.66e-04 | 56680 tok/s | 8725.2 ms/step
2026-03-12 12:25:58,609 - INFO - iter  7810 | loss 0.7021 | lr 3.66e-04 | 56684 tok/s | 8725.2 ms/step
2026-03-12 12:27:25,935 - INFO - iter  7820 | loss 0.6943 | lr 3.66e-04 | 56688 tok/s | 8725.2 ms/step
2026-03-12 12:28:53,258 - INFO - iter  7830 | loss 0.6929 | lr 3.65e-04 | 56692 tok/s | 8725.2 ms/step
2026-03-12 12:30:20,583 - INFO - iter  7840 | loss 0.6660 | lr 3.65e-04 | 56696 tok/s | 8725.2 ms/step
2026-03-12 12:31:47,907 - INFO - iter  7850 | loss 0.6724 | lr 3.65e-04 | 56700 tok/s | 8725.2 ms/step
2026-03-12 12:33:15,233 - INFO - iter  7860 | loss 0.6470 | lr 3.64e-04 | 56704 tok/s | 8725.2 ms/step
2026-03-12 12:34:42,556 - INFO - iter  7870 | loss 0.6978 | lr 3.64e-04 | 56708 tok/s | 8725.2 ms/step
2026-03-12 12:36:09,881 - INFO - iter  7880 | loss 0.6724 | lr 3.64e-04 | 56712 tok/s | 8725.2 ms/step
2026-03-12 12:37:37,202 - INFO - iter  7890 | loss 0.6987 | lr 3.63e-04 | 56716 tok/s | 8725.2 ms/step
2026-03-12 12:39:04,525 - INFO - iter  7900 | loss 0.7134 | lr 3.63e-04 | 56720 tok/s | 8725.1 ms/step
2026-03-12 12:40:31,869 - INFO - iter  7910 | loss 0.7056 | lr 3.63e-04 | 56724 tok/s | 8725.1 ms/step
2026-03-12 12:41:59,198 - INFO - iter  7920 | loss 0.6929 | lr 3.62e-04 | 56728 tok/s | 8725.1 ms/step
2026-03-12 12:43:26,520 - INFO - iter  7930 | loss 0.6924 | lr 3.62e-04 | 56732 tok/s | 8725.1 ms/step
2026-03-12 12:44:53,866 - INFO - iter  7940 | loss 0.6748 | lr 3.62e-04 | 56736 tok/s | 8725.3 ms/step
2026-03-12 12:46:21,188 - INFO - iter  7950 | loss 0.6958 | lr 3.61e-04 | 56739 tok/s | 8725.3 ms/step
2026-03-12 12:47:48,513 - INFO - iter  7960 | loss 0.6714 | lr 3.61e-04 | 56743 tok/s | 8725.3 ms/step
2026-03-12 12:49:15,836 - INFO - iter  7970 | loss 0.6929 | lr 3.60e-04 | 56747 tok/s | 8725.3 ms/step
2026-03-12 12:50:43,162 - INFO - iter  7980 | loss 0.7051 | lr 3.60e-04 | 56751 tok/s | 8725.3 ms/step
2026-03-12 12:52:10,485 - INFO - iter  7990 | loss 0.6943 | lr 3.60e-04 | 56755 tok/s | 8725.3 ms/step
2026-03-12 12:53:37,810 - INFO - iter  8000 | loss 0.6968 | lr 3.59e-04 | 56759 tok/s | 8725.3 ms/step
2026-03-12 12:53:37,832 - INFO - 
--------------------------------------------------------------------------------
2026-03-12 12:53:37,832 - INFO - EVALUATION at iter 8000
2026-03-12 12:53:37,832 - INFO - --------------------------------------------------------------------------------
2026-03-12 12:58:03,720 - INFO - Val loss: 0.6930 | Val accuracy: 0.5150
2026-03-12 12:58:06,372 - INFO - Spectral radius: 0.998944
2026-03-12 12:58:06,372 - INFO - Condition number: 1549.618334
2026-03-12 12:58:06,373 - INFO - ERF: 3516
2026-03-12 12:58:06,426 - INFO - L2 error (vs RK4): 0.000000
2026-03-12 12:58:06,427 - INFO - VRAM peak (eval window): 15179.3 MB
2026-03-12 12:58:06,427 - INFO - Evaluation time: 268.6s
2026-03-12 12:58:06,427 - INFO - --------------------------------------------------------------------------------

2026-03-12 12:59:33,847 - INFO - iter  8010 | loss 0.6943 | lr 3.59e-04 | 56557 tok/s | 8725.3 ms/step
2026-03-12 13:01:01,172 - INFO - iter  8020 | loss 0.6958 | lr 3.59e-04 | 56562 tok/s | 8725.2 ms/step
2026-03-12 13:02:28,492 - INFO - iter  8030 | loss 0.7412 | lr 3.58e-04 | 56566 tok/s | 8725.2 ms/step
2026-03-12 13:03:55,817 - INFO - iter  8040 | loss 0.6987 | lr 3.58e-04 | 56570 tok/s | 8725.0 ms/step
2026-03-12 13:05:23,141 - INFO - iter  8050 | loss 0.6973 | lr 3.58e-04 | 56574 tok/s | 8725.0 ms/step
2026-03-12 13:06:50,466 - INFO - iter  8060 | loss 0.6553 | lr 3.57e-04 | 56578 tok/s | 8725.0 ms/step
2026-03-12 13:08:17,788 - INFO - iter  8070 | loss 0.7139 | lr 3.57e-04 | 56582 tok/s | 8725.0 ms/step
2026-03-12 13:09:45,112 - INFO - iter  8080 | loss 0.6938 | lr 3.57e-04 | 56586 tok/s | 8725.0 ms/step
2026-03-12 13:11:12,434 - INFO - iter  8090 | loss 0.6973 | lr 3.56e-04 | 56590 tok/s | 8725.0 ms/step
2026-03-12 13:12:39,757 - INFO - iter  8100 | loss 0.6821 | lr 3.56e-04 | 56594 tok/s | 8724.9 ms/step
2026-03-12 13:14:07,095 - INFO - iter  8110 | loss 0.6802 | lr 3.55e-04 | 56598 tok/s | 8725.0 ms/step
2026-03-12 13:15:34,422 - INFO - iter  8120 | loss 0.7236 | lr 3.55e-04 | 56602 tok/s | 8725.0 ms/step
2026-03-12 13:17:01,746 - INFO - iter  8130 | loss 0.6997 | lr 3.55e-04 | 56606 tok/s | 8725.1 ms/step
2026-03-12 13:18:29,072 - INFO - iter  8140 | loss 0.6729 | lr 3.54e-04 | 56610 tok/s | 8725.1 ms/step
2026-03-12 13:19:56,394 - INFO - iter  8150 | loss 0.6958 | lr 3.54e-04 | 56614 tok/s | 8725.1 ms/step
2026-03-12 13:21:23,719 - INFO - iter  8160 | loss 0.6963 | lr 3.54e-04 | 56618 tok/s | 8725.1 ms/step
2026-03-12 13:22:51,040 - INFO - iter  8170 | loss 0.6968 | lr 3.53e-04 | 56622 tok/s | 8725.0 ms/step
2026-03-12 13:24:18,365 - INFO - iter  8180 | loss 0.6646 | lr 3.53e-04 | 56626 tok/s | 8725.1 ms/step
2026-03-12 13:25:45,686 - INFO - iter  8190 | loss 0.7358 | lr 3.53e-04 | 56630 tok/s | 8725.1 ms/step
2026-03-12 13:27:13,010 - INFO - iter  8200 | loss 0.6997 | lr 3.52e-04 | 56633 tok/s | 8725.1 ms/step
2026-03-12 13:28:40,353 - INFO - iter  8210 | loss 0.6978 | lr 3.52e-04 | 56637 tok/s | 8725.0 ms/step
2026-03-12 13:30:07,677 - INFO - iter  8220 | loss 0.6934 | lr 3.52e-04 | 56641 tok/s | 8725.0 ms/step
2026-03-12 13:31:34,998 - INFO - iter  8230 | loss 0.6880 | lr 3.51e-04 | 56645 tok/s | 8725.0 ms/step
2026-03-12 13:33:02,321 - INFO - iter  8240 | loss 0.6943 | lr 3.51e-04 | 56649 tok/s | 8725.0 ms/step
2026-03-12 13:34:29,640 - INFO - iter  8250 | loss 0.6943 | lr 3.50e-04 | 56653 tok/s | 8724.9 ms/step
2026-03-12 13:35:56,962 - INFO - iter  8260 | loss 0.6831 | lr 3.50e-04 | 56657 tok/s | 8724.9 ms/step
2026-03-12 13:37:24,280 - INFO - iter  8270 | loss 0.7178 | lr 3.50e-04 | 56661 tok/s | 8724.9 ms/step
2026-03-12 13:38:51,601 - INFO - iter  8280 | loss 0.6934 | lr 3.49e-04 | 56665 tok/s | 8724.8 ms/step
2026-03-12 13:40:18,919 - INFO - iter  8290 | loss 0.6963 | lr 3.49e-04 | 56668 tok/s | 8724.8 ms/step
2026-03-12 13:41:46,242 - INFO - iter  8300 | loss 0.6938 | lr 3.49e-04 | 56672 tok/s | 8724.8 ms/step
2026-03-12 13:43:13,576 - INFO - iter  8310 | loss 0.6865 | lr 3.48e-04 | 56676 tok/s | 8724.8 ms/step
2026-03-12 13:44:40,902 - INFO - iter  8320 | loss 0.7090 | lr 3.48e-04 | 56680 tok/s | 8724.8 ms/step
2026-03-12 13:46:08,226 - INFO - iter  8330 | loss 0.6777 | lr 3.48e-04 | 56684 tok/s | 8724.9 ms/step
2026-03-12 13:47:35,554 - INFO - iter  8340 | loss 0.7100 | lr 3.47e-04 | 56687 tok/s | 8724.9 ms/step
2026-03-12 13:49:02,880 - INFO - iter  8350 | loss 0.6948 | lr 3.47e-04 | 56691 tok/s | 8725.0 ms/step
2026-03-12 13:50:30,207 - INFO - iter  8360 | loss 0.6948 | lr 3.46e-04 | 56695 tok/s | 8725.0 ms/step
2026-03-12 13:51:57,531 - INFO - iter  8370 | loss 0.6934 | lr 3.46e-04 | 56699 tok/s | 8725.1 ms/step
2026-03-12 13:53:24,859 - INFO - iter  8380 | loss 0.7095 | lr 3.46e-04 | 56703 tok/s | 8725.1 ms/step
2026-03-12 13:54:52,183 - INFO - iter  8390 | loss 0.6870 | lr 3.45e-04 | 56706 tok/s | 8725.2 ms/step
2026-03-12 13:56:19,509 - INFO - iter  8400 | loss 0.6938 | lr 3.45e-04 | 56710 tok/s | 8725.2 ms/step
2026-03-12 13:57:46,840 - INFO - iter  8410 | loss 0.6943 | lr 3.45e-04 | 56714 tok/s | 8725.2 ms/step
2026-03-12 13:59:14,163 - INFO - iter  8420 | loss 0.6929 | lr 3.44e-04 | 56718 tok/s | 8725.2 ms/step
2026-03-12 14:00:41,482 - INFO - iter  8430 | loss 0.6938 | lr 3.44e-04 | 56721 tok/s | 8725.1 ms/step
2026-03-12 14:02:08,806 - INFO - iter  8440 | loss 0.6855 | lr 3.44e-04 | 56725 tok/s | 8725.1 ms/step
2026-03-12 14:03:36,158 - INFO - iter  8450 | loss 0.7148 | lr 3.43e-04 | 56729 tok/s | 8725.4 ms/step
2026-03-12 14:05:03,480 - INFO - iter  8460 | loss 0.7305 | lr 3.43e-04 | 56732 tok/s | 8725.3 ms/step
2026-03-12 14:06:30,800 - INFO - iter  8470 | loss 0.7075 | lr 3.42e-04 | 56736 tok/s | 8725.3 ms/step
2026-03-12 14:07:58,122 - INFO - iter  8480 | loss 0.7090 | lr 3.42e-04 | 56740 tok/s | 8725.2 ms/step
2026-03-12 14:09:25,441 - INFO - iter  8490 | loss 0.6943 | lr 3.42e-04 | 56743 tok/s | 8725.2 ms/step
2026-03-12 14:10:52,764 - INFO - iter  8500 | loss 0.6733 | lr 3.41e-04 | 56747 tok/s | 8725.1 ms/step
2026-03-12 14:10:52,770 - INFO - 
--------------------------------------------------------------------------------
2026-03-12 14:10:52,771 - INFO - EVALUATION at iter 8500
2026-03-12 14:10:52,771 - INFO - --------------------------------------------------------------------------------
2026-03-12 14:15:18,650 - INFO - Val loss: 0.6953 | Val accuracy: 0.4850
2026-03-12 14:15:21,303 - INFO - Spectral radius: 0.998980
2026-03-12 14:15:21,303 - INFO - Condition number: 1590.604768
2026-03-12 14:15:21,304 - INFO - ERF: 3486
2026-03-12 14:15:21,357 - INFO - L2 error (vs RK4): 0.000000
2026-03-12 14:15:21,357 - INFO - VRAM peak (eval window): 15179.3 MB
2026-03-12 14:15:21,358 - INFO - Evaluation time: 268.6s
2026-03-12 14:15:21,358 - INFO - --------------------------------------------------------------------------------

2026-03-12 14:16:48,781 - INFO - iter  8510 | loss 0.6753 | lr 3.41e-04 | 56557 tok/s | 8725.1 ms/step
2026-03-12 14:18:16,106 - INFO - iter  8520 | loss 0.6938 | lr 3.41e-04 | 56561 tok/s | 8725.2 ms/step
2026-03-12 14:19:43,429 - INFO - iter  8530 | loss 0.6929 | lr 3.40e-04 | 56565 tok/s | 8725.2 ms/step
2026-03-12 14:21:10,758 - INFO - iter  8540 | loss 0.6938 | lr 3.40e-04 | 56569 tok/s | 8725.2 ms/step
2026-03-12 14:22:38,083 - INFO - iter  8550 | loss 0.6934 | lr 3.39e-04 | 56573 tok/s | 8725.0 ms/step
2026-03-12 14:23:39,244 - INFO - ✓ Saved checkpoint: checkpoints_research/checkpoint_step8557_20260312_142339.pt
2026-03-12 14:23:39,245 - INFO -   Step: 8557, Wall-clock: 22.03h
2026-03-12 14:23:39,246 - INFO - Deleted old checkpoint: checkpoint_step4671_20260312_042213.pt
2026-03-12 14:24:05,457 - INFO - iter  8560 | loss 0.6865 | lr 3.39e-04 | 56577 tok/s | 8724.4 ms/step
2026-03-12 14:25:32,778 - INFO - iter  8570 | loss 0.6699 | lr 3.39e-04 | 56580 tok/s | 8724.4 ms/step
2026-03-12 14:27:00,105 - INFO - iter  8580 | loss 0.7285 | lr 3.38e-04 | 56584 tok/s | 8724.4 ms/step
2026-03-12 14:28:27,427 - INFO - iter  8590 | loss 0.6934 | lr 3.38e-04 | 56588 tok/s | 8724.5 ms/step
2026-03-12 14:29:54,752 - INFO - iter  8600 | loss 0.6924 | lr 3.38e-04 | 56592 tok/s | 8724.5 ms/step
2026-03-12 14:31:22,100 - INFO - iter  8610 | loss 0.6938 | lr 3.37e-04 | 56596 tok/s | 8724.5 ms/step
2026-03-12 14:32:49,427 - INFO - iter  8620 | loss 0.6821 | lr 3.37e-04 | 56599 tok/s | 8724.5 ms/step
2026-03-12 14:34:16,752 - INFO - iter  8630 | loss 0.6592 | lr 3.37e-04 | 56603 tok/s | 8724.5 ms/step
2026-03-12 14:35:44,080 - INFO - iter  8640 | loss 0.7627 | lr 3.36e-04 | 56607 tok/s | 8724.5 ms/step
2026-03-12 14:37:11,405 - INFO - iter  8650 | loss 0.6958 | lr 3.36e-04 | 56611 tok/s | 8724.5 ms/step
2026-03-12 14:38:38,732 - INFO - iter  8660 | loss 0.7104 | lr 3.35e-04 | 56614 tok/s | 8725.2 ms/step
2026-03-12 14:40:06,056 - INFO - iter  8670 | loss 0.6851 | lr 3.35e-04 | 56618 tok/s | 8725.2 ms/step
2026-03-12 14:41:33,382 - INFO - iter  8680 | loss 0.6924 | lr 3.35e-04 | 56622 tok/s | 8725.2 ms/step
2026-03-12 14:43:00,705 - INFO - iter  8690 | loss 0.6865 | lr 3.34e-04 | 56625 tok/s | 8725.2 ms/step
2026-03-12 14:44:28,031 - INFO - iter  8700 | loss 0.6724 | lr 3.34e-04 | 56629 tok/s | 8725.2 ms/step
2026-03-12 14:45:55,364 - INFO - iter  8710 | loss 0.6953 | lr 3.34e-04 | 56633 tok/s | 8725.2 ms/step
2026-03-12 14:47:22,690 - INFO - iter  8720 | loss 0.6812 | lr 3.33e-04 | 56636 tok/s | 8725.2 ms/step
2026-03-12 14:48:50,012 - INFO - iter  8730 | loss 0.6885 | lr 3.33e-04 | 56640 tok/s | 8725.2 ms/step
2026-03-12 14:50:17,337 - INFO - iter  8740 | loss 0.6904 | lr 3.32e-04 | 56644 tok/s | 8725.1 ms/step
2026-03-12 14:51:44,661 - INFO - iter  8750 | loss 0.6909 | lr 3.32e-04 | 56647 tok/s | 8725.1 ms/step
2026-03-12 14:53:11,987 - INFO - iter  8760 | loss 0.6929 | lr 3.32e-04 | 56651 tok/s | 8725.1 ms/step
2026-03-12 14:54:39,308 - INFO - iter  8770 | loss 0.7021 | lr 3.31e-04 | 56655 tok/s | 8725.1 ms/step
2026-03-12 14:56:06,633 - INFO - iter  8780 | loss 0.6841 | lr 3.31e-04 | 56658 tok/s | 8725.1 ms/step
2026-03-12 14:57:33,955 - INFO - iter  8790 | loss 0.7026 | lr 3.31e-04 | 56662 tok/s | 8725.1 ms/step
2026-03-12 14:59:01,281 - INFO - iter  8800 | loss 0.6875 | lr 3.30e-04 | 56666 tok/s | 8725.1 ms/step
2026-03-12 15:00:28,614 - INFO - iter  8810 | loss 0.7070 | lr 3.30e-04 | 56669 tok/s | 8725.1 ms/step
2026-03-12 15:01:55,942 - INFO - iter  8820 | loss 0.6924 | lr 3.29e-04 | 56673 tok/s | 8725.1 ms/step
2026-03-12 15:03:23,266 - INFO - iter  8830 | loss 0.6982 | lr 3.29e-04 | 56676 tok/s | 8725.1 ms/step
2026-03-12 15:04:50,593 - INFO - iter  8840 | loss 0.6880 | lr 3.29e-04 | 56680 tok/s | 8725.1 ms/step
2026-03-12 15:06:17,915 - INFO - iter  8850 | loss 0.6929 | lr 3.28e-04 | 56684 tok/s | 8725.1 ms/step
2026-03-12 15:07:45,242 - INFO - iter  8860 | loss 0.6875 | lr 3.28e-04 | 56687 tok/s | 8725.1 ms/step
2026-03-12 15:09:12,566 - INFO - iter  8870 | loss 0.6934 | lr 3.28e-04 | 56691 tok/s | 8725.1 ms/step
2026-03-12 15:10:39,893 - INFO - iter  8880 | loss 0.6938 | lr 3.27e-04 | 56694 tok/s | 8725.2 ms/step
2026-03-12 15:12:07,218 - INFO - iter  8890 | loss 0.6929 | lr 3.27e-04 | 56698 tok/s | 8725.2 ms/step
2026-03-12 15:13:34,546 - INFO - iter  8900 | loss 0.6904 | lr 3.26e-04 | 56701 tok/s | 8725.2 ms/step
2026-03-12 15:15:01,880 - INFO - iter  8910 | loss 0.6875 | lr 3.26e-04 | 56705 tok/s | 8725.2 ms/step
2026-03-12 15:16:29,207 - INFO - iter  8920 | loss 0.6851 | lr 3.26e-04 | 56709 tok/s | 8725.2 ms/step
2026-03-12 15:17:56,531 - INFO - iter  8930 | loss 0.6938 | lr 3.25e-04 | 56712 tok/s | 8725.2 ms/step
2026-03-12 15:19:23,877 - INFO - iter  8940 | loss 0.7207 | lr 3.25e-04 | 56716 tok/s | 8725.4 ms/step
2026-03-12 15:20:51,201 - INFO - iter  8950 | loss 0.6934 | lr 3.25e-04 | 56719 tok/s | 8725.4 ms/step
2026-03-12 15:22:18,526 - INFO - iter  8960 | loss 0.6924 | lr 3.24e-04 | 56723 tok/s | 8725.4 ms/step
2026-03-12 15:23:45,849 - INFO - iter  8970 | loss 0.6719 | lr 3.24e-04 | 56726 tok/s | 8725.4 ms/step
2026-03-12 15:25:13,175 - INFO - iter  8980 | loss 0.6948 | lr 3.23e-04 | 56730 tok/s | 8725.4 ms/step
2026-03-12 15:26:40,499 - INFO - iter  8990 | loss 0.7397 | lr 3.23e-04 | 56733 tok/s | 8725.3 ms/step
2026-03-12 15:28:07,825 - INFO - iter  9000 | loss 0.7188 | lr 3.23e-04 | 56736 tok/s | 8725.3 ms/step
2026-03-12 15:28:07,837 - INFO - 
--------------------------------------------------------------------------------
2026-03-12 15:28:07,837 - INFO - EVALUATION at iter 9000
2026-03-12 15:28:07,837 - INFO - --------------------------------------------------------------------------------
2026-03-12 15:32:33,721 - INFO - Val loss: 0.6998 | Val accuracy: 0.4850
2026-03-12 15:32:36,373 - INFO - Spectral radius: 0.998962
2026-03-12 15:32:36,374 - INFO - Condition number: 1642.021919
2026-03-12 15:32:36,374 - INFO - ERF: 3469
2026-03-12 15:32:36,427 - INFO - L2 error (vs RK4): 0.000000
2026-03-12 15:32:36,428 - INFO - VRAM peak (eval window): 15179.3 MB
2026-03-12 15:32:36,428 - INFO - Evaluation time: 268.6s
2026-03-12 15:32:36,429 - INFO - --------------------------------------------------------------------------------

2026-03-12 15:34:03,862 - INFO - iter  9010 | loss 0.7192 | lr 3.22e-04 | 56557 tok/s | 8725.3 ms/step
2026-03-12 15:35:31,186 - INFO - iter  9020 | loss 0.6953 | lr 3.22e-04 | 56561 tok/s | 8725.2 ms/step
2026-03-12 15:36:58,507 - INFO - iter  9030 | loss 0.6416 | lr 3.22e-04 | 56565 tok/s | 8725.2 ms/step
2026-03-12 15:38:25,832 - INFO - iter  9040 | loss 0.6958 | lr 3.21e-04 | 56568 tok/s | 8725.0 ms/step
2026-03-12 15:39:53,154 - INFO - iter  9050 | loss 0.6934 | lr 3.21e-04 | 56572 tok/s | 8725.0 ms/step
2026-03-12 15:41:20,476 - INFO - iter  9060 | loss 0.6895 | lr 3.20e-04 | 56576 tok/s | 8724.9 ms/step
2026-03-12 15:42:47,799 - INFO - iter  9070 | loss 0.6929 | lr 3.20e-04 | 56579 tok/s | 8724.9 ms/step
2026-03-12 15:44:15,124 - INFO - iter  9080 | loss 0.6924 | lr 3.20e-04 | 56583 tok/s | 8724.9 ms/step
2026-03-12 15:45:42,447 - INFO - iter  9090 | loss 0.6880 | lr 3.19e-04 | 56586 tok/s | 8724.9 ms/step
2026-03-12 15:47:09,773 - INFO - iter  9100 | loss 0.7114 | lr 3.19e-04 | 56590 tok/s | 8724.9 ms/step
2026-03-12 15:48:37,107 - INFO - iter  9110 | loss 0.7021 | lr 3.19e-04 | 56593 tok/s | 8725.0 ms/step
2026-03-12 15:50:04,435 - INFO - iter  9120 | loss 0.6924 | lr 3.18e-04 | 56597 tok/s | 8725.0 ms/step
2026-03-12 15:51:31,762 - INFO - iter  9130 | loss 0.6890 | lr 3.18e-04 | 56601 tok/s | 8725.1 ms/step
2026-03-12 15:52:59,090 - INFO - iter  9140 | loss 0.7109 | lr 3.17e-04 | 56604 tok/s | 8725.1 ms/step
2026-03-12 15:54:26,415 - INFO - iter  9150 | loss 0.7051 | lr 3.17e-04 | 56608 tok/s | 8725.2 ms/step
2026-03-12 15:55:53,743 - INFO - iter  9160 | loss 0.6943 | lr 3.17e-04 | 56611 tok/s | 8725.2 ms/step
2026-03-12 15:57:21,069 - INFO - iter  9170 | loss 0.6572 | lr 3.16e-04 | 56615 tok/s | 8725.3 ms/step
2026-03-12 15:58:48,397 - INFO - iter  9180 | loss 0.6753 | lr 3.16e-04 | 56618 tok/s | 8725.3 ms/step
2026-03-12 16:00:15,723 - INFO - iter  9190 | loss 0.6987 | lr 3.16e-04 | 56622 tok/s | 8725.3 ms/step
2026-03-12 16:01:43,053 - INFO - iter  9200 | loss 0.6802 | lr 3.15e-04 | 56625 tok/s | 8725.4 ms/step
2026-03-12 16:03:10,390 - INFO - iter  9210 | loss 0.6841 | lr 3.15e-04 | 56629 tok/s | 8725.4 ms/step
2026-03-12 16:04:37,717 - INFO - iter  9220 | loss 0.6865 | lr 3.14e-04 | 56632 tok/s | 8725.3 ms/step
2026-03-12 16:06:05,038 - INFO - iter  9230 | loss 0.6855 | lr 3.14e-04 | 56636 tok/s | 8725.3 ms/step
2026-03-12 16:07:32,362 - INFO - iter  9240 | loss 0.7041 | lr 3.14e-04 | 56639 tok/s | 8725.3 ms/step
2026-03-12 16:08:59,684 - INFO - iter  9250 | loss 0.7100 | lr 3.13e-04 | 56643 tok/s | 8725.2 ms/step
2026-03-12 16:10:27,010 - INFO - iter  9260 | loss 0.6934 | lr 3.13e-04 | 56646 tok/s | 8725.2 ms/step
2026-03-12 16:11:54,333 - INFO - iter  9270 | loss 0.6982 | lr 3.12e-04 | 56650 tok/s | 8725.2 ms/step
2026-03-12 16:13:21,659 - INFO - iter  9280 | loss 0.6895 | lr 3.12e-04 | 56653 tok/s | 8725.1 ms/step
2026-03-12 16:14:48,980 - INFO - iter  9290 | loss 0.7026 | lr 3.12e-04 | 56656 tok/s | 8725.1 ms/step
2026-03-12 16:16:16,302 - INFO - iter  9300 | loss 0.6997 | lr 3.11e-04 | 56660 tok/s | 8725.1 ms/step
2026-03-12 16:17:43,648 - INFO - iter  9310 | loss 0.6802 | lr 3.11e-04 | 56663 tok/s | 8725.1 ms/step
2026-03-12 16:19:10,974 - INFO - iter  9320 | loss 0.6851 | lr 3.11e-04 | 56667 tok/s | 8725.1 ms/step
2026-03-12 16:20:38,298 - INFO - iter  9330 | loss 0.6938 | lr 3.10e-04 | 56670 tok/s | 8725.1 ms/step
2026-03-12 16:22:05,628 - INFO - iter  9340 | loss 0.6689 | lr 3.10e-04 | 56673 tok/s | 8725.1 ms/step
2026-03-12 16:23:32,947 - INFO - iter  9350 | loss 0.6812 | lr 3.09e-04 | 56677 tok/s | 8725.1 ms/step
2026-03-12 16:23:41,709 - INFO - ✓ Saved checkpoint: checkpoints_research/checkpoint_step9351_20260312_162341.pt
2026-03-12 16:23:41,709 - INFO -   Step: 9351, Wall-clock: 24.03h
2026-03-12 16:23:41,711 - INFO - Deleted old checkpoint: checkpoint_step5465_20260312_062216.pt
2026-03-12 16:25:00,315 - INFO - iter  9360 | loss 0.7080 | lr 3.09e-04 | 56680 tok/s | 8725.2 ms/step
2026-03-12 16:26:27,641 - INFO - iter  9370 | loss 0.6948 | lr 3.09e-04 | 56684 tok/s | 8725.2 ms/step
2026-03-12 16:27:54,970 - INFO - iter  9380 | loss 0.6934 | lr 3.08e-04 | 56687 tok/s | 8725.2 ms/step
2026-03-12 16:29:22,294 - INFO - iter  9390 | loss 0.6958 | lr 3.08e-04 | 56690 tok/s | 8725.3 ms/step
2026-03-12 16:30:49,622 - INFO - iter  9400 | loss 0.6909 | lr 3.08e-04 | 56694 tok/s | 8725.3 ms/step
2026-03-12 16:32:16,965 - INFO - iter  9410 | loss 0.6909 | lr 3.07e-04 | 56697 tok/s | 8725.3 ms/step
2026-03-12 16:33:44,292 - INFO - iter  9420 | loss 0.7051 | lr 3.07e-04 | 56700 tok/s | 8725.3 ms/step
2026-03-12 16:35:11,613 - INFO - iter  9430 | loss 0.6982 | lr 3.06e-04 | 56704 tok/s | 8725.3 ms/step
2026-03-12 16:36:38,957 - INFO - iter  9440 | loss 0.7021 | lr 3.06e-04 | 56707 tok/s | 8725.4 ms/step
2026-03-12 16:38:06,279 - INFO - iter  9450 | loss 0.6909 | lr 3.06e-04 | 56710 tok/s | 8725.4 ms/step
2026-03-12 16:39:33,606 - INFO - iter  9460 | loss 0.6953 | lr 3.05e-04 | 56714 tok/s | 8725.4 ms/step
2026-03-12 16:41:00,931 - INFO - iter  9470 | loss 0.6958 | lr 3.05e-04 | 56717 tok/s | 8725.4 ms/step
2026-03-12 16:42:28,257 - INFO - iter  9480 | loss 0.6929 | lr 3.04e-04 | 56720 tok/s | 8725.3 ms/step
2026-03-12 16:43:55,579 - INFO - iter  9490 | loss 0.6934 | lr 3.04e-04 | 56724 tok/s | 8725.3 ms/step
2026-03-12 16:45:22,906 - INFO - iter  9500 | loss 0.6934 | lr 3.04e-04 | 56727 tok/s | 8725.3 ms/step
2026-03-12 16:45:22,911 - INFO - 
--------------------------------------------------------------------------------
2026-03-12 16:45:22,911 - INFO - EVALUATION at iter 9500
2026-03-12 16:45:22,912 - INFO - --------------------------------------------------------------------------------
2026-03-12 16:49:48,797 - INFO - Val loss: 0.6931 | Val accuracy: 0.4700
2026-03-12 16:49:51,449 - INFO - Spectral radius: 0.998976
2026-03-12 16:49:51,449 - INFO - Condition number: 1699.828237
2026-03-12 16:49:51,449 - INFO - ERF: 3477
2026-03-12 16:49:51,506 - INFO - L2 error (vs RK4): 0.000000
2026-03-12 16:49:51,507 - INFO - VRAM peak (eval window): 15179.3 MB
2026-03-12 16:49:51,507 - INFO - Evaluation time: 268.6s
2026-03-12 16:49:51,507 - INFO - --------------------------------------------------------------------------------

2026-03-12 16:51:18,932 - INFO - iter  9510 | loss 0.6943 | lr 3.03e-04 | 56557 tok/s | 8725.3 ms/step
2026-03-12 16:52:46,259 - INFO - iter  9520 | loss 0.6963 | lr 3.03e-04 | 56561 tok/s | 8725.3 ms/step
2026-03-12 16:54:13,583 - INFO - iter  9530 | loss 0.6787 | lr 3.03e-04 | 56564 tok/s | 8725.3 ms/step
2026-03-12 16:55:40,911 - INFO - iter  9540 | loss 0.7041 | lr 3.02e-04 | 56568 tok/s | 8725.2 ms/step
2026-03-12 16:57:08,235 - INFO - iter  9550 | loss 0.7085 | lr 3.02e-04 | 56571 tok/s | 8725.2 ms/step
2026-03-12 16:58:35,563 - INFO - iter  9560 | loss 0.7300 | lr 3.01e-04 | 56575 tok/s | 8725.2 ms/step
2026-03-12 17:00:02,887 - INFO - iter  9570 | loss 0.6650 | lr 3.01e-04 | 56578 tok/s | 8725.2 ms/step
2026-03-12 17:01:30,214 - INFO - iter  9580 | loss 0.7036 | lr 3.01e-04 | 56581 tok/s | 8725.2 ms/step
2026-03-12 17:02:57,540 - INFO - iter  9590 | loss 0.6978 | lr 3.00e-04 | 56585 tok/s | 8725.3 ms/step
2026-03-12 17:04:24,868 - INFO - iter  9600 | loss 0.6934 | lr 3.00e-04 | 56588 tok/s | 8725.3 ms/step
2026-03-12 17:05:52,205 - INFO - iter  9610 | loss 0.6968 | lr 2.99e-04 | 56591 tok/s | 8725.3 ms/step
2026-03-12 17:07:19,534 - INFO - iter  9620 | loss 0.6880 | lr 2.99e-04 | 56595 tok/s | 8725.4 ms/step
2026-03-12 17:08:46,859 - INFO - iter  9630 | loss 0.6919 | lr 2.99e-04 | 56598 tok/s | 8725.4 ms/step
2026-03-12 17:10:14,188 - INFO - iter  9640 | loss 0.6826 | lr 2.98e-04 | 56602 tok/s | 8725.4 ms/step
2026-03-12 17:11:41,515 - INFO - iter  9650 | loss 0.6958 | lr 2.98e-04 | 56605 tok/s | 8725.4 ms/step
2026-03-12 17:13:08,844 - INFO - iter  9660 | loss 0.7139 | lr 2.98e-04 | 56608 tok/s | 8725.4 ms/step
2026-03-12 17:14:36,171 - INFO - iter  9670 | loss 0.6958 | lr 2.97e-04 | 56612 tok/s | 8725.5 ms/step
2026-03-12 17:16:03,501 - INFO - iter  9680 | loss 0.7178 | lr 2.97e-04 | 56615 tok/s | 8725.5 ms/step
2026-03-12 17:17:30,830 - INFO - iter  9690 | loss 0.7031 | lr 2.96e-04 | 56618 tok/s | 8725.5 ms/step
2026-03-12 17:18:58,163 - INFO - iter  9700 | loss 0.6958 | lr 2.96e-04 | 56622 tok/s | 8725.6 ms/step
2026-03-12 17:20:25,509 - INFO - iter  9710 | loss 0.6919 | lr 2.96e-04 | 56625 tok/s | 8725.6 ms/step
2026-03-12 17:21:52,839 - INFO - iter  9720 | loss 0.6934 | lr 2.95e-04 | 56628 tok/s | 8725.6 ms/step
2026-03-12 17:23:20,166 - INFO - iter  9730 | loss 0.6865 | lr 2.95e-04 | 56632 tok/s | 8725.6 ms/step
2026-03-12 17:24:47,496 - INFO - iter  9740 | loss 0.6997 | lr 2.94e-04 | 56635 tok/s | 8725.6 ms/step
2026-03-12 17:26:14,824 - INFO - iter  9750 | loss 0.6904 | lr 2.94e-04 | 56638 tok/s | 8725.6 ms/step
2026-03-12 17:27:42,155 - INFO - iter  9760 | loss 0.6875 | lr 2.94e-04 | 56641 tok/s | 8725.6 ms/step
2026-03-12 17:29:09,481 - INFO - iter  9770 | loss 0.6943 | lr 2.93e-04 | 56645 tok/s | 8725.6 ms/step
2026-03-12 17:30:36,810 - INFO - iter  9780 | loss 0.6670 | lr 2.93e-04 | 56648 tok/s | 8725.5 ms/step
2026-03-12 17:32:04,134 - INFO - iter  9790 | loss 0.6782 | lr 2.93e-04 | 56651 tok/s | 8725.5 ms/step
2026-03-12 17:33:31,464 - INFO - iter  9800 | loss 0.6963 | lr 2.92e-04 | 56655 tok/s | 8725.4 ms/step
2026-03-12 17:34:58,805 - INFO - iter  9810 | loss 0.6948 | lr 2.92e-04 | 56658 tok/s | 8725.5 ms/step
2026-03-12 17:36:26,140 - INFO - iter  9820 | loss 0.6943 | lr 2.91e-04 | 56661 tok/s | 8725.5 ms/step
2026-03-12 17:37:53,470 - INFO - iter  9830 | loss 0.6948 | lr 2.91e-04 | 56664 tok/s | 8725.5 ms/step
2026-03-12 17:39:20,805 - INFO - iter  9840 | loss 0.6929 | lr 2.91e-04 | 56667 tok/s | 8725.6 ms/step
2026-03-12 17:40:48,131 - INFO - iter  9850 | loss 0.6816 | lr 2.90e-04 | 56671 tok/s | 8725.6 ms/step
2026-03-12 17:42:15,462 - INFO - iter  9860 | loss 0.6890 | lr 2.90e-04 | 56674 tok/s | 8725.6 ms/step
2026-03-12 17:43:42,788 - INFO - iter  9870 | loss 0.6992 | lr 2.89e-04 | 56677 tok/s | 8725.6 ms/step
2026-03-12 17:45:10,117 - INFO - iter  9880 | loss 0.6865 | lr 2.89e-04 | 56680 tok/s | 8725.6 ms/step
2026-03-12 17:46:37,442 - INFO - iter  9890 | loss 0.6943 | lr 2.89e-04 | 56684 tok/s | 8725.6 ms/step
2026-03-12 17:48:04,773 - INFO - iter  9900 | loss 0.6938 | lr 2.88e-04 | 56687 tok/s | 8725.6 ms/step
2026-03-12 17:49:32,109 - INFO - iter  9910 | loss 0.6953 | lr 2.88e-04 | 56690 tok/s | 8725.6 ms/step
2026-03-12 17:50:59,435 - INFO - iter  9920 | loss 0.6934 | lr 2.88e-04 | 56693 tok/s | 8725.5 ms/step
2026-03-12 17:52:26,759 - INFO - iter  9930 | loss 0.6909 | lr 2.87e-04 | 56696 tok/s | 8725.4 ms/step
2026-03-12 17:53:54,085 - INFO - iter  9940 | loss 0.6890 | lr 2.87e-04 | 56699 tok/s | 8725.4 ms/step
2026-03-12 17:55:21,444 - INFO - iter  9950 | loss 0.6880 | lr 2.86e-04 | 56703 tok/s | 8725.7 ms/step
2026-03-12 17:56:48,771 - INFO - iter  9960 | loss 0.6836 | lr 2.86e-04 | 56706 tok/s | 8725.6 ms/step
2026-03-12 17:58:16,097 - INFO - iter  9970 | loss 0.6943 | lr 2.86e-04 | 56709 tok/s | 8725.6 ms/step
2026-03-12 17:59:43,424 - INFO - iter  9980 | loss 0.6631 | lr 2.85e-04 | 56712 tok/s | 8725.6 ms/step
2026-03-12 18:01:10,748 - INFO - iter  9990 | loss 0.6763 | lr 2.85e-04 | 56715 tok/s | 8725.6 ms/step
2026-03-12 18:02:38,077 - INFO - iter 10000 | loss 0.6729 | lr 2.84e-04 | 56718 tok/s | 8725.6 ms/step
2026-03-12 18:02:38,082 - INFO - 
--------------------------------------------------------------------------------
2026-03-12 18:02:38,083 - INFO - EVALUATION at iter 10000
2026-03-12 18:02:38,083 - INFO - --------------------------------------------------------------------------------
2026-03-12 18:07:03,978 - INFO - Val loss: 0.6952 | Val accuracy: 0.5150
2026-03-12 18:07:06,630 - INFO - Spectral radius: 0.998957
2026-03-12 18:07:06,630 - INFO - Condition number: 1610.320377
2026-03-12 18:07:06,630 - INFO - ERF: 3322
2026-03-12 18:07:06,687 - INFO - L2 error (vs RK4): 0.000000
2026-03-12 18:07:06,688 - INFO - VRAM peak (eval window): 15179.3 MB
2026-03-12 18:07:06,688 - INFO - Evaluation time: 268.6s
2026-03-12 18:07:06,688 - INFO - --------------------------------------------------------------------------------

2026-03-12 18:08:34,136 - INFO - iter 10010 | loss 0.6719 | lr 2.84e-04 | 56557 tok/s | 8725.6 ms/step
2026-03-12 18:10:01,462 - INFO - iter 10020 | loss 0.6470 | lr 2.84e-04 | 56561 tok/s | 8725.5 ms/step
2026-03-12 18:11:28,786 - INFO - iter 10030 | loss 0.7495 | lr 2.83e-04 | 56564 tok/s | 8725.5 ms/step
2026-03-12 18:12:56,111 - INFO - iter 10040 | loss 0.6777 | lr 2.83e-04 | 56567 tok/s | 8725.5 ms/step
2026-03-12 18:14:23,432 - INFO - iter 10050 | loss 0.6953 | lr 2.82e-04 | 56570 tok/s | 8725.1 ms/step
2026-03-12 18:15:50,758 - INFO - iter 10060 | loss 0.7090 | lr 2.82e-04 | 56574 tok/s | 8725.1 ms/step
2026-03-12 18:17:18,081 - INFO - iter 10070 | loss 0.6953 | lr 2.82e-04 | 56577 tok/s | 8725.1 ms/step
2026-03-12 18:18:45,407 - INFO - iter 10080 | loss 0.6924 | lr 2.81e-04 | 56580 tok/s | 8725.1 ms/step
2026-03-12 18:20:12,730 - INFO - iter 10090 | loss 0.6914 | lr 2.81e-04 | 56583 tok/s | 8725.1 ms/step
2026-03-12 18:21:40,054 - INFO - iter 10100 | loss 0.6978 | lr 2.81e-04 | 56586 tok/s | 8725.1 ms/step
2026-03-12 18:23:07,394 - INFO - iter 10110 | loss 0.6948 | lr 2.80e-04 | 56590 tok/s | 8725.1 ms/step
2026-03-12 18:23:42,359 - INFO - ✓ Saved checkpoint: checkpoints_research/checkpoint_step10114_20260312_182342.pt
2026-03-12 18:23:42,360 - INFO -   Step: 10114, Wall-clock: 26.03h
2026-03-12 18:23:42,362 - INFO - Deleted old checkpoint: checkpoint_step6228_20260312_082216.pt
2026-03-12 18:24:34,771 - INFO - iter 10120 | loss 0.7114 | lr 2.80e-04 | 56593 tok/s | 8724.5 ms/step
2026-03-12 18:26:02,095 - INFO - iter 10130 | loss 0.7329 | lr 2.79e-04 | 56596 tok/s | 8724.5 ms/step
2026-03-12 18:27:29,420 - INFO - iter 10140 | loss 0.6768 | lr 2.79e-04 | 56599 tok/s | 8724.5 ms/step
2026-03-12 18:28:56,743 - INFO - iter 10150 | loss 0.6973 | lr 2.79e-04 | 56602 tok/s | 8724.5 ms/step
2026-03-12 18:30:24,070 - INFO - iter 10160 | loss 0.6533 | lr 2.78e-04 | 56606 tok/s | 8724.5 ms/step
2026-03-12 18:31:51,396 - INFO - iter 10170 | loss 0.7231 | lr 2.78e-04 | 56609 tok/s | 8724.6 ms/step
2026-03-12 18:33:18,725 - INFO - iter 10180 | loss 0.6987 | lr 2.77e-04 | 56612 tok/s | 8724.6 ms/step
2026-03-12 18:34:46,050 - INFO - iter 10190 | loss 0.7266 | lr 2.77e-04 | 56615 tok/s | 8724.6 ms/step
2026-03-12 18:36:13,378 - INFO - iter 10200 | loss 0.6733 | lr 2.77e-04 | 56618 tok/s | 8724.7 ms/step
2026-03-12 18:37:40,718 - INFO - iter 10210 | loss 0.6973 | lr 2.76e-04 | 56622 tok/s | 8724.7 ms/step
2026-03-12 18:39:08,049 - INFO - iter 10220 | loss 0.7412 | lr 2.76e-04 | 56625 tok/s | 8725.4 ms/step
2026-03-12 18:40:35,378 - INFO - iter 10230 | loss 0.7021 | lr 2.75e-04 | 56628 tok/s | 8725.4 ms/step
2026-03-12 18:42:02,709 - INFO - iter 10240 | loss 0.6948 | lr 2.75e-04 | 56631 tok/s | 8725.5 ms/step
2026-03-12 18:43:30,040 - INFO - iter 10250 | loss 0.6890 | lr 2.75e-04 | 56634 tok/s | 8725.6 ms/step
2026-03-12 18:44:57,376 - INFO - iter 10260 | loss 0.7070 | lr 2.74e-04 | 56637 tok/s | 8725.7 ms/step
2026-03-12 18:46:24,710 - INFO - iter 10270 | loss 0.6929 | lr 2.74e-04 | 56640 tok/s | 8725.7 ms/step
2026-03-12 18:47:52,044 - INFO - iter 10280 | loss 0.7178 | lr 2.74e-04 | 56643 tok/s | 8725.8 ms/step
2026-03-12 18:49:19,376 - INFO - iter 10290 | loss 0.7173 | lr 2.73e-04 | 56647 tok/s | 8725.9 ms/step
2026-03-12 18:50:46,710 - INFO - iter 10300 | loss 0.6826 | lr 2.73e-04 | 56650 tok/s | 8725.9 ms/step
2026-03-12 18:52:14,053 - INFO - iter 10310 | loss 0.7446 | lr 2.72e-04 | 56653 tok/s | 8726.0 ms/step
2026-03-12 18:53:41,381 - INFO - iter 10320 | loss 0.7168 | lr 2.72e-04 | 56656 tok/s | 8725.9 ms/step
2026-03-12 18:55:08,710 - INFO - iter 10330 | loss 0.6836 | lr 2.72e-04 | 56659 tok/s | 8725.9 ms/step
2026-03-12 18:56:36,040 - INFO - iter 10340 | loss 0.6992 | lr 2.71e-04 | 56662 tok/s | 8725.9 ms/step
2026-03-12 18:58:03,368 - INFO - iter 10350 | loss 0.6914 | lr 2.71e-04 | 56665 tok/s | 8725.9 ms/step
2026-03-12 18:59:30,699 - INFO - iter 10360 | loss 0.6919 | lr 2.70e-04 | 56668 tok/s | 8725.8 ms/step
2026-03-12 19:00:58,028 - INFO - iter 10370 | loss 0.6938 | lr 2.70e-04 | 56671 tok/s | 8725.8 ms/step
2026-03-12 19:02:25,359 - INFO - iter 10380 | loss 0.6934 | lr 2.70e-04 | 56674 tok/s | 8725.7 ms/step
2026-03-12 19:03:52,687 - INFO - iter 10390 | loss 0.6787 | lr 2.69e-04 | 56677 tok/s | 8725.7 ms/step
2026-03-12 19:05:20,014 - INFO - iter 10400 | loss 0.6772 | lr 2.69e-04 | 56680 tok/s | 8725.6 ms/step
2026-03-12 19:06:47,353 - INFO - iter 10410 | loss 0.7046 | lr 2.68e-04 | 56683 tok/s | 8725.6 ms/step
2026-03-12 19:08:14,683 - INFO - iter 10420 | loss 0.6948 | lr 2.68e-04 | 56686 tok/s | 8725.6 ms/step
2026-03-12 19:09:42,014 - INFO - iter 10430 | loss 0.6948 | lr 2.68e-04 | 56689 tok/s | 8725.6 ms/step
2026-03-12 19:11:09,364 - INFO - iter 10440 | loss 0.7051 | lr 2.67e-04 | 56692 tok/s | 8725.8 ms/step
2026-03-12 19:12:36,695 - INFO - iter 10450 | loss 0.6938 | lr 2.67e-04 | 56696 tok/s | 8725.9 ms/step
2026-03-12 19:14:04,027 - INFO - iter 10460 | loss 0.7090 | lr 2.67e-04 | 56699 tok/s | 8725.9 ms/step
2026-03-12 19:15:31,357 - INFO - iter 10470 | loss 0.6855 | lr 2.66e-04 | 56702 tok/s | 8725.9 ms/step
2026-03-12 19:16:58,688 - INFO - iter 10480 | loss 0.6934 | lr 2.66e-04 | 56705 tok/s | 8725.9 ms/step
2026-03-12 19:18:26,014 - INFO - iter 10490 | loss 0.6826 | lr 2.65e-04 | 56708 tok/s | 8725.9 ms/step
2026-03-12 19:19:53,342 - INFO - iter 10500 | loss 0.6929 | lr 2.65e-04 | 56711 tok/s | 8725.9 ms/step
2026-03-12 19:19:53,358 - INFO - 
--------------------------------------------------------------------------------
2026-03-12 19:19:53,358 - INFO - EVALUATION at iter 10500
2026-03-12 19:19:53,358 - INFO - --------------------------------------------------------------------------------
2026-03-12 19:24:19,282 - INFO - Val loss: 0.6934 | Val accuracy: 0.4850
2026-03-12 19:24:21,935 - INFO - Spectral radius: 0.998960
2026-03-12 19:24:21,935 - INFO - Condition number: 1769.720817
2026-03-12 19:24:21,935 - INFO - ERF: 3403
2026-03-12 19:24:21,992 - INFO - L2 error (vs RK4): 0.000000
2026-03-12 19:24:21,993 - INFO - VRAM peak (eval window): 15179.3 MB
2026-03-12 19:24:21,993 - INFO - Evaluation time: 268.6s
2026-03-12 19:24:21,994 - INFO - --------------------------------------------------------------------------------

2026-03-12 19:25:49,420 - INFO - iter 10510 | loss 0.6880 | lr 2.65e-04 | 56557 tok/s | 8725.8 ms/step
2026-03-12 19:27:16,750 - INFO - iter 10520 | loss 0.6934 | lr 2.64e-04 | 56560 tok/s | 8725.8 ms/step
2026-03-12 19:28:44,077 - INFO - iter 10530 | loss 0.6870 | lr 2.64e-04 | 56563 tok/s | 8725.8 ms/step
2026-03-12 19:30:11,407 - INFO - iter 10540 | loss 0.6851 | lr 2.63e-04 | 56566 tok/s | 8725.6 ms/step
2026-03-12 19:31:38,734 - INFO - iter 10550 | loss 0.7065 | lr 2.63e-04 | 56570 tok/s | 8725.5 ms/step
2026-03-12 19:33:06,064 - INFO - iter 10560 | loss 0.6851 | lr 2.63e-04 | 56573 tok/s | 8725.5 ms/step
2026-03-12 19:34:33,392 - INFO - iter 10570 | loss 0.6860 | lr 2.62e-04 | 56576 tok/s | 8725.5 ms/step
2026-03-12 19:36:00,723 - INFO - iter 10580 | loss 0.6934 | lr 2.62e-04 | 56579 tok/s | 8725.5 ms/step
2026-03-12 19:37:28,054 - INFO - iter 10590 | loss 0.6870 | lr 2.62e-04 | 56582 tok/s | 8725.6 ms/step
2026-03-12 19:38:55,386 - INFO - iter 10600 | loss 0.7021 | lr 2.61e-04 | 56585 tok/s | 8725.6 ms/step
2026-03-12 19:40:22,728 - INFO - iter 10610 | loss 0.7207 | lr 2.61e-04 | 56588 tok/s | 8725.7 ms/step
2026-03-12 19:41:50,061 - INFO - iter 10620 | loss 0.7095 | lr 2.60e-04 | 56591 tok/s | 8725.7 ms/step
2026-03-12 19:43:17,387 - INFO - iter 10630 | loss 0.6821 | lr 2.60e-04 | 56594 tok/s | 8725.7 ms/step
2026-03-12 19:44:44,717 - INFO - iter 10640 | loss 0.6875 | lr 2.60e-04 | 56597 tok/s | 8725.7 ms/step
2026-03-12 19:46:12,043 - INFO - iter 10650 | loss 0.7002 | lr 2.59e-04 | 56600 tok/s | 8725.7 ms/step
2026-03-12 19:47:39,373 - INFO - iter 10660 | loss 0.6924 | lr 2.59e-04 | 56603 tok/s | 8725.7 ms/step
2026-03-12 19:49:06,700 - INFO - iter 10670 | loss 0.6919 | lr 2.58e-04 | 56606 tok/s | 8725.7 ms/step
2026-03-12 19:50:34,030 - INFO - iter 10680 | loss 0.6929 | lr 2.58e-04 | 56609 tok/s | 8725.6 ms/step
2026-03-12 19:52:01,356 - INFO - iter 10690 | loss 0.6802 | lr 2.58e-04 | 56612 tok/s | 8725.6 ms/step
2026-03-12 19:53:28,686 - INFO - iter 10700 | loss 0.6943 | lr 2.57e-04 | 56615 tok/s | 8725.6 ms/step
2026-03-12 19:54:56,020 - INFO - iter 10710 | loss 0.6841 | lr 2.57e-04 | 56618 tok/s | 8725.5 ms/step
2026-03-12 19:56:23,348 - INFO - iter 10720 | loss 0.6836 | lr 2.56e-04 | 56621 tok/s | 8725.4 ms/step
2026-03-12 19:57:50,674 - INFO - iter 10730 | loss 0.7104 | lr 2.56e-04 | 56624 tok/s | 8725.4 ms/step
2026-03-12 19:59:18,003 - INFO - iter 10740 | loss 0.7021 | lr 2.56e-04 | 56627 tok/s | 8725.4 ms/step
2026-03-12 20:00:45,330 - INFO - iter 10750 | loss 0.6904 | lr 2.55e-04 | 56630 tok/s | 8725.4 ms/step
2026-03-12 20:02:12,660 - INFO - iter 10760 | loss 0.6846 | lr 2.55e-04 | 56633 tok/s | 8725.4 ms/step
2026-03-12 20:03:39,987 - INFO - iter 10770 | loss 0.6802 | lr 2.55e-04 | 56636 tok/s | 8725.4 ms/step
2026-03-12 20:05:07,314 - INFO - iter 10780 | loss 0.6797 | lr 2.54e-04 | 56639 tok/s | 8725.4 ms/step
2026-03-12 20:06:34,639 - INFO - iter 10790 | loss 0.6426 | lr 2.54e-04 | 56642 tok/s | 8725.4 ms/step
2026-03-12 20:08:01,967 - INFO - iter 10800 | loss 0.7178 | lr 2.53e-04 | 56645 tok/s | 8725.3 ms/step
2026-03-12 20:09:29,306 - INFO - iter 10810 | loss 0.6484 | lr 2.53e-04 | 56648 tok/s | 8725.4 ms/step
2026-03-12 20:10:56,638 - INFO - iter 10820 | loss 0.6440 | lr 2.53e-04 | 56651 tok/s | 8725.4 ms/step
2026-03-12 20:12:23,966 - INFO - iter 10830 | loss 0.6475 | lr 2.52e-04 | 56654 tok/s | 8725.4 ms/step
2026-03-12 20:13:51,298 - INFO - iter 10840 | loss 0.7212 | lr 2.52e-04 | 56657 tok/s | 8725.5 ms/step
2026-03-12 20:15:18,626 - INFO - iter 10850 | loss 0.6958 | lr 2.51e-04 | 56660 tok/s | 8725.5 ms/step
2026-03-12 20:16:45,958 - INFO - iter 10860 | loss 0.7056 | lr 2.51e-04 | 56663 tok/s | 8725.5 ms/step
2026-03-12 20:18:13,286 - INFO - iter 10870 | loss 0.6768 | lr 2.51e-04 | 56666 tok/s | 8725.5 ms/step
2026-03-12 20:19:40,619 - INFO - iter 10880 | loss 0.7095 | lr 2.50e-04 | 56669 tok/s | 8725.6 ms/step
2026-03-12 20:21:07,945 - INFO - iter 10890 | loss 0.6895 | lr 2.50e-04 | 56672 tok/s | 8725.6 ms/step
2026-03-12 20:22:35,276 - INFO - iter 10900 | loss 0.7002 | lr 2.49e-04 | 56675 tok/s | 8725.6 ms/step
2026-03-12 20:23:45,198 - INFO - ✓ Saved checkpoint: checkpoints_research/checkpoint_step10908_20260312_202345.pt
2026-03-12 20:23:45,199 - INFO -   Step: 10908, Wall-clock: 28.03h
2026-03-12 20:23:45,201 - INFO - Deleted old checkpoint: checkpoint_step7000_20260312_102336.pt
2026-03-12 20:24:02,680 - INFO - iter 10910 | loss 0.6982 | lr 2.49e-04 | 56677 tok/s | 8725.0 ms/step
2026-03-12 20:25:30,012 - INFO - iter 10920 | loss 0.6865 | lr 2.49e-04 | 56680 tok/s | 8725.0 ms/step
2026-03-12 20:26:57,341 - INFO - iter 10930 | loss 0.7158 | lr 2.48e-04 | 56683 tok/s | 8725.0 ms/step
2026-03-12 20:28:24,699 - INFO - iter 10940 | loss 0.6943 | lr 2.48e-04 | 56686 tok/s | 8725.2 ms/step
2026-03-12 20:29:52,030 - INFO - iter 10950 | loss 0.7061 | lr 2.48e-04 | 56689 tok/s | 8725.3 ms/step
2026-03-12 20:31:19,365 - INFO - iter 10960 | loss 0.6753 | lr 2.47e-04 | 56692 tok/s | 8725.3 ms/step
2026-03-12 20:32:46,696 - INFO - iter 10970 | loss 0.6851 | lr 2.47e-04 | 56695 tok/s | 8725.3 ms/step
2026-03-12 20:34:14,025 - INFO - iter 10980 | loss 0.6841 | lr 2.46e-04 | 56698 tok/s | 8725.3 ms/step
2026-03-12 20:35:41,351 - INFO - iter 10990 | loss 0.6934 | lr 2.46e-04 | 56701 tok/s | 8725.3 ms/step
2026-03-12 20:37:08,679 - INFO - iter 11000 | loss 0.6831 | lr 2.46e-04 | 56703 tok/s | 8725.3 ms/step
2026-03-12 20:37:08,684 - INFO - 
--------------------------------------------------------------------------------
2026-03-12 20:37:08,685 - INFO - EVALUATION at iter 11000
2026-03-12 20:37:08,685 - INFO - --------------------------------------------------------------------------------
2026-03-12 20:41:34,592 - INFO - Val loss: 0.6959 | Val accuracy: 0.4850
2026-03-12 20:41:37,245 - INFO - Spectral radius: 0.998965
2026-03-12 20:41:37,245 - INFO - Condition number: 1839.179354
2026-03-12 20:41:37,245 - INFO - ERF: 3423
2026-03-12 20:41:37,302 - INFO - L2 error (vs RK4): 0.000000
2026-03-12 20:41:37,303 - INFO - VRAM peak (eval window): 15179.3 MB
2026-03-12 20:41:37,304 - INFO - Evaluation time: 268.6s
2026-03-12 20:41:37,304 - INFO - --------------------------------------------------------------------------------

2026-03-12 20:43:04,735 - INFO - iter 11010 | loss 0.6943 | lr 2.45e-04 | 56557 tok/s | 8725.9 ms/step
2026-03-12 20:44:32,063 - INFO - iter 11020 | loss 0.6953 | lr 2.45e-04 | 56560 tok/s | 8725.8 ms/step
2026-03-12 20:45:59,392 - INFO - iter 11030 | loss 0.6934 | lr 2.44e-04 | 56563 tok/s | 8725.8 ms/step
2026-03-12 20:47:26,723 - INFO - iter 11040 | loss 0.7295 | lr 2.44e-04 | 56566 tok/s | 8725.6 ms/step
2026-03-12 20:48:54,050 - INFO - iter 11050 | loss 0.6948 | lr 2.44e-04 | 56569 tok/s | 8725.5 ms/step
2026-03-12 20:50:21,380 - INFO - iter 11060 | loss 0.7251 | lr 2.43e-04 | 56572 tok/s | 8725.5 ms/step
2026-03-12 20:51:48,704 - INFO - iter 11070 | loss 0.7275 | lr 2.43e-04 | 56575 tok/s | 8725.4 ms/step
2026-03-12 20:53:16,031 - INFO - iter 11080 | loss 0.7031 | lr 2.42e-04 | 56578 tok/s | 8725.4 ms/step
2026-03-12 20:54:43,357 - INFO - iter 11090 | loss 0.7007 | lr 2.42e-04 | 56581 tok/s | 8725.4 ms/step
2026-03-12 20:56:10,686 - INFO - iter 11100 | loss 0.6885 | lr 2.42e-04 | 56584 tok/s | 8725.4 ms/step
2026-03-12 20:57:38,024 - INFO - iter 11110 | loss 0.6929 | lr 2.41e-04 | 56586 tok/s | 8725.5 ms/step
2026-03-12 20:59:05,353 - INFO - iter 11120 | loss 0.6919 | lr 2.41e-04 | 56589 tok/s | 8725.5 ms/step
2026-03-12 21:00:32,681 - INFO - iter 11130 | loss 0.6919 | lr 2.41e-04 | 56592 tok/s | 8725.5 ms/step
2026-03-12 21:02:00,010 - INFO - iter 11140 | loss 0.6924 | lr 2.40e-04 | 56595 tok/s | 8725.4 ms/step
2026-03-12 21:03:27,336 - INFO - iter 11150 | loss 0.6914 | lr 2.40e-04 | 56598 tok/s | 8725.4 ms/step
2026-03-12 21:04:54,666 - INFO - iter 11160 | loss 0.6919 | lr 2.39e-04 | 56601 tok/s | 8725.4 ms/step
2026-03-12 21:06:21,994 - INFO - iter 11170 | loss 0.6929 | lr 2.39e-04 | 56604 tok/s | 8725.5 ms/step
2026-03-12 21:07:49,324 - INFO - iter 11180 | loss 0.6929 | lr 2.39e-04 | 56607 tok/s | 8725.5 ms/step
2026-03-12 21:09:16,651 - INFO - iter 11190 | loss 0.6924 | lr 2.38e-04 | 56610 tok/s | 8725.5 ms/step
2026-03-12 21:10:43,981 - INFO - iter 11200 | loss 0.6860 | lr 2.38e-04 | 56613 tok/s | 8725.5 ms/step
2026-03-12 21:12:11,318 - INFO - iter 11210 | loss 0.6899 | lr 2.37e-04 | 56615 tok/s | 8725.5 ms/step
2026-03-12 21:13:38,647 - INFO - iter 11220 | loss 0.6973 | lr 2.37e-04 | 56618 tok/s | 8725.5 ms/step
2026-03-12 21:15:05,972 - INFO - iter 11230 | loss 0.6919 | lr 2.37e-04 | 56621 tok/s | 8725.5 ms/step
2026-03-12 21:16:33,302 - INFO - iter 11240 | loss 0.6958 | lr 2.36e-04 | 56624 tok/s | 8725.5 ms/step
2026-03-12 21:18:00,626 - INFO - iter 11250 | loss 0.6934 | lr 2.36e-04 | 56627 tok/s | 8725.5 ms/step
2026-03-12 21:19:27,956 - INFO - iter 11260 | loss 0.6938 | lr 2.36e-04 | 56630 tok/s | 8725.5 ms/step
2026-03-12 21:20:55,281 - INFO - iter 11270 | loss 0.6904 | lr 2.35e-04 | 56633 tok/s | 8725.5 ms/step
2026-03-12 21:22:22,609 - INFO - iter 11280 | loss 0.6934 | lr 2.35e-04 | 56635 tok/s | 8725.4 ms/step
2026-03-12 21:23:49,934 - INFO - iter 11290 | loss 0.6992 | lr 2.34e-04 | 56638 tok/s | 8725.4 ms/step
2026-03-12 21:25:17,264 - INFO - iter 11300 | loss 0.6968 | lr 2.34e-04 | 56641 tok/s | 8725.4 ms/step
2026-03-12 21:26:44,601 - INFO - iter 11310 | loss 0.6904 | lr 2.34e-04 | 56644 tok/s | 8725.4 ms/step
2026-03-12 21:28:11,930 - INFO - iter 11320 | loss 0.6924 | lr 2.33e-04 | 56647 tok/s | 8725.4 ms/step
2026-03-12 21:29:39,258 - INFO - iter 11330 | loss 0.7007 | lr 2.33e-04 | 56650 tok/s | 8725.4 ms/step
2026-03-12 21:31:06,589 - INFO - iter 11340 | loss 0.6919 | lr 2.32e-04 | 56652 tok/s | 8725.4 ms/step
2026-03-12 21:32:33,917 - INFO - iter 11350 | loss 0.6924 | lr 2.32e-04 | 56655 tok/s | 8725.5 ms/step
2026-03-12 21:34:01,247 - INFO - iter 11360 | loss 0.6782 | lr 2.32e-04 | 56658 tok/s | 8725.5 ms/step
2026-03-12 21:35:28,575 - INFO - iter 11370 | loss 0.7036 | lr 2.31e-04 | 56661 tok/s | 8725.5 ms/step
2026-03-12 21:36:55,907 - INFO - iter 11380 | loss 0.6948 | lr 2.31e-04 | 56664 tok/s | 8725.5 ms/step
2026-03-12 21:38:23,233 - INFO - iter 11390 | loss 0.6851 | lr 2.31e-04 | 56666 tok/s | 8725.6 ms/step
2026-03-12 21:39:50,562 - INFO - iter 11400 | loss 0.6758 | lr 2.30e-04 | 56669 tok/s | 8725.6 ms/step
2026-03-12 21:41:17,906 - INFO - iter 11410 | loss 0.7119 | lr 2.30e-04 | 56672 tok/s | 8725.5 ms/step
2026-03-12 21:42:45,235 - INFO - iter 11420 | loss 0.7100 | lr 2.29e-04 | 56675 tok/s | 8725.5 ms/step
2026-03-12 21:44:12,563 - INFO - iter 11430 | loss 0.6948 | lr 2.29e-04 | 56678 tok/s | 8725.5 ms/step
2026-03-12 21:45:39,894 - INFO - iter 11440 | loss 0.7080 | lr 2.29e-04 | 56680 tok/s | 8725.5 ms/step
2026-03-12 21:47:07,246 - INFO - iter 11450 | loss 0.6929 | lr 2.28e-04 | 56683 tok/s | 8725.7 ms/step
2026-03-12 21:48:34,577 - INFO - iter 11460 | loss 0.7085 | lr 2.28e-04 | 56686 tok/s | 8725.7 ms/step
2026-03-12 21:50:01,898 - INFO - iter 11470 | loss 0.6821 | lr 2.27e-04 | 56689 tok/s | 8725.7 ms/step
2026-03-12 21:51:29,224 - INFO - iter 11480 | loss 0.6665 | lr 2.27e-04 | 56691 tok/s | 8725.6 ms/step
2026-03-12 21:52:56,546 - INFO - iter 11490 | loss 0.6968 | lr 2.27e-04 | 56694 tok/s | 8725.6 ms/step
2026-03-12 21:54:23,874 - INFO - iter 11500 | loss 0.6943 | lr 2.26e-04 | 56697 tok/s | 8725.6 ms/step
2026-03-12 21:54:23,880 - INFO - 
--------------------------------------------------------------------------------
2026-03-12 21:54:23,880 - INFO - EVALUATION at iter 11500
2026-03-12 21:54:23,880 - INFO - --------------------------------------------------------------------------------
2026-03-12 21:58:49,780 - INFO - Val loss: 0.6931 | Val accuracy: 0.5150
2026-03-12 21:58:52,434 - INFO - Spectral radius: 0.998979
2026-03-12 21:58:52,435 - INFO - Condition number: 1966.564510
2026-03-12 21:58:52,435 - INFO - ERF: 3484
2026-03-12 21:58:52,491 - INFO - L2 error (vs RK4): 0.000000
2026-03-12 21:58:52,492 - INFO - VRAM peak (eval window): 15179.3 MB
2026-03-12 21:58:52,492 - INFO - Evaluation time: 268.6s
2026-03-12 21:58:52,492 - INFO - --------------------------------------------------------------------------------

2026-03-12 22:00:19,924 - INFO - iter 11510 | loss 0.6694 | lr 2.26e-04 | 56557 tok/s | 8725.6 ms/step
2026-03-12 22:01:47,256 - INFO - iter 11520 | loss 0.7368 | lr 2.26e-04 | 56560 tok/s | 8725.6 ms/step
2026-03-12 22:03:14,582 - INFO - iter 11530 | loss 0.7280 | lr 2.25e-04 | 56563 tok/s | 8725.6 ms/step
2026-03-12 22:04:41,915 - INFO - iter 11540 | loss 0.7114 | lr 2.25e-04 | 56565 tok/s | 8725.6 ms/step
2026-03-12 22:06:09,244 - INFO - iter 11550 | loss 0.6943 | lr 2.24e-04 | 56568 tok/s | 8725.4 ms/step
2026-03-12 22:07:36,577 - INFO - iter 11560 | loss 0.6733 | lr 2.24e-04 | 56571 tok/s | 8725.4 ms/step
2026-03-12 22:09:03,905 - INFO - iter 11570 | loss 0.6880 | lr 2.24e-04 | 56574 tok/s | 8725.5 ms/step
2026-03-12 22:10:31,239 - INFO - iter 11580 | loss 0.6938 | lr 2.23e-04 | 56577 tok/s | 8725.6 ms/step
2026-03-12 22:11:58,571 - INFO - iter 11590 | loss 0.6919 | lr 2.23e-04 | 56579 tok/s | 8725.7 ms/step
2026-03-12 22:13:25,905 - INFO - iter 11600 | loss 0.6934 | lr 2.22e-04 | 56582 tok/s | 8725.7 ms/step
2026-03-12 22:14:53,256 - INFO - iter 11610 | loss 0.7017 | lr 2.22e-04 | 56585 tok/s | 8725.8 ms/step
2026-03-12 22:16:20,588 - INFO - iter 11620 | loss 0.6929 | lr 2.22e-04 | 56588 tok/s | 8725.8 ms/step
2026-03-12 22:17:47,917 - INFO - iter 11630 | loss 0.6948 | lr 2.21e-04 | 56591 tok/s | 8725.8 ms/step
2026-03-12 22:19:15,249 - INFO - iter 11640 | loss 0.6826 | lr 2.21e-04 | 56593 tok/s | 8725.8 ms/step
2026-03-12 22:20:42,577 - INFO - iter 11650 | loss 0.7065 | lr 2.21e-04 | 56596 tok/s | 8725.8 ms/step
2026-03-12 22:22:09,910 - INFO - iter 11660 | loss 0.6821 | lr 2.20e-04 | 56599 tok/s | 8725.8 ms/step
2026-03-12 22:23:37,237 - INFO - iter 11670 | loss 0.6626 | lr 2.20e-04 | 56602 tok/s | 8725.8 ms/step
2026-03-12 22:23:46,008 - INFO - ✓ Saved checkpoint: checkpoints_research/checkpoint_step11671_20260312_222345.pt
2026-03-12 22:23:46,009 - INFO -   Step: 11671, Wall-clock: 30.03h
2026-03-12 22:23:46,011 - INFO - Deleted old checkpoint: checkpoint_step7794_20260312_122338.pt
2026-03-12 22:25:04,618 - INFO - iter 11680 | loss 0.6948 | lr 2.19e-04 | 56605 tok/s | 8725.9 ms/step
2026-03-12 22:26:31,947 - INFO - iter 11690 | loss 0.6938 | lr 2.19e-04 | 56607 tok/s | 8725.8 ms/step
2026-03-12 22:27:59,278 - INFO - iter 11700 | loss 0.6860 | lr 2.19e-04 | 56610 tok/s | 8725.8 ms/step
2026-03-12 22:29:26,615 - INFO - iter 11710 | loss 0.6802 | lr 2.18e-04 | 56613 tok/s | 8725.7 ms/step
2026-03-12 22:30:53,943 - INFO - iter 11720 | loss 0.6929 | lr 2.18e-04 | 56616 tok/s | 8725.7 ms/step
2026-03-12 22:32:21,269 - INFO - iter 11730 | loss 0.6948 | lr 2.18e-04 | 56618 tok/s | 8725.7 ms/step
2026-03-12 22:33:48,598 - INFO - iter 11740 | loss 0.6938 | lr 2.17e-04 | 56621 tok/s | 8725.6 ms/step
2026-03-12 22:35:15,923 - INFO - iter 11750 | loss 0.6812 | lr 2.17e-04 | 56624 tok/s | 8725.6 ms/step
2026-03-12 22:36:43,251 - INFO - iter 11760 | loss 0.6938 | lr 2.16e-04 | 56627 tok/s | 8725.6 ms/step
2026-03-12 22:38:10,577 - INFO - iter 11770 | loss 0.6797 | lr 2.16e-04 | 56629 tok/s | 8725.5 ms/step
2026-03-12 22:39:37,907 - INFO - iter 11780 | loss 0.6870 | lr 2.16e-04 | 56632 tok/s | 8725.4 ms/step
2026-03-12 22:41:05,231 - INFO - iter 11790 | loss 0.7002 | lr 2.15e-04 | 56635 tok/s | 8725.4 ms/step
2026-03-12 22:42:32,559 - INFO - iter 11800 | loss 0.7012 | lr 2.15e-04 | 56637 tok/s | 8725.4 ms/step
2026-03-12 22:43:59,899 - INFO - iter 11810 | loss 0.6924 | lr 2.14e-04 | 56640 tok/s | 8725.4 ms/step
2026-03-12 22:45:27,228 - INFO - iter 11820 | loss 0.7070 | lr 2.14e-04 | 56643 tok/s | 8725.4 ms/step
2026-03-12 22:46:54,554 - INFO - iter 11830 | loss 0.6982 | lr 2.14e-04 | 56646 tok/s | 8725.4 ms/step
2026-03-12 22:48:21,883 - INFO - iter 11840 | loss 0.6924 | lr 2.13e-04 | 56648 tok/s | 8725.4 ms/step
2026-03-12 22:49:49,209 - INFO - iter 11850 | loss 0.6924 | lr 2.13e-04 | 56651 tok/s | 8725.4 ms/step
2026-03-12 22:51:16,542 - INFO - iter 11860 | loss 0.6929 | lr 2.13e-04 | 56654 tok/s | 8725.4 ms/step
2026-03-12 22:52:43,869 - INFO - iter 11870 | loss 0.6938 | lr 2.12e-04 | 56656 tok/s | 8725.5 ms/step
2026-03-12 22:54:11,199 - INFO - iter 11880 | loss 0.6919 | lr 2.12e-04 | 56659 tok/s | 8725.5 ms/step
2026-03-12 22:55:38,525 - INFO - iter 11890 | loss 0.6973 | lr 2.11e-04 | 56662 tok/s | 8725.5 ms/step
2026-03-12 22:57:05,855 - INFO - iter 11900 | loss 0.6885 | lr 2.11e-04 | 56664 tok/s | 8725.5 ms/step
2026-03-12 22:58:33,195 - INFO - iter 11910 | loss 0.7080 | lr 2.11e-04 | 56667 tok/s | 8725.5 ms/step
2026-03-12 23:00:00,525 - INFO - iter 11920 | loss 0.6855 | lr 2.10e-04 | 56670 tok/s | 8725.5 ms/step
2026-03-12 23:01:27,852 - INFO - iter 11930 | loss 0.6821 | lr 2.10e-04 | 56672 tok/s | 8725.5 ms/step
2026-03-12 23:02:55,218 - INFO - iter 11940 | loss 0.7075 | lr 2.10e-04 | 56675 tok/s | 8725.9 ms/step
2026-03-12 23:04:22,545 - INFO - iter 11950 | loss 0.6714 | lr 2.09e-04 | 56678 tok/s | 8725.9 ms/step
2026-03-12 23:05:49,877 - INFO - iter 11960 | loss 0.6846 | lr 2.09e-04 | 56680 tok/s | 8725.9 ms/step
2026-03-12 23:07:17,203 - INFO - iter 11970 | loss 0.6841 | lr 2.08e-04 | 56683 tok/s | 8725.9 ms/step
2026-03-12 23:08:44,530 - INFO - iter 11980 | loss 0.6924 | lr 2.08e-04 | 56686 tok/s | 8725.9 ms/step
2026-03-12 23:10:11,854 - INFO - iter 11990 | loss 0.6748 | lr 2.08e-04 | 56688 tok/s | 8725.9 ms/step
2026-03-12 23:11:39,182 - INFO - iter 12000 | loss 0.6924 | lr 2.07e-04 | 56691 tok/s | 8725.8 ms/step
2026-03-12 23:11:39,188 - INFO - 
--------------------------------------------------------------------------------
2026-03-12 23:11:39,188 - INFO - EVALUATION at iter 12000
2026-03-12 23:11:39,189 - INFO - --------------------------------------------------------------------------------
2026-03-12 23:16:05,082 - INFO - Val loss: 0.6927 | Val accuracy: 0.5150
2026-03-12 23:16:07,735 - INFO - Spectral radius: 0.998959
2026-03-12 23:16:07,735 - INFO - Condition number: 1947.567203
2026-03-12 23:16:07,736 - INFO - ERF: 3422
2026-03-12 23:16:07,792 - INFO - L2 error (vs RK4): 0.000000
2026-03-12 23:16:07,793 - INFO - VRAM peak (eval window): 15179.3 MB
2026-03-12 23:16:07,793 - INFO - Evaluation time: 268.6s
2026-03-12 23:16:07,794 - INFO - --------------------------------------------------------------------------------

2026-03-12 23:17:35,216 - INFO - iter 12010 | loss 0.6841 | lr 2.07e-04 | 56557 tok/s | 8725.7 ms/step
2026-03-12 23:19:02,542 - INFO - iter 12020 | loss 0.6943 | lr 2.07e-04 | 56559 tok/s | 8725.7 ms/step
2026-03-12 23:20:29,868 - INFO - iter 12030 | loss 0.7065 | lr 2.06e-04 | 56562 tok/s | 8725.7 ms/step
2026-03-12 23:21:57,195 - INFO - iter 12040 | loss 0.6943 | lr 2.06e-04 | 56565 tok/s | 8725.3 ms/step
2026-03-12 23:23:24,517 - INFO - iter 12050 | loss 0.6812 | lr 2.05e-04 | 56568 tok/s | 8725.2 ms/step
2026-03-12 23:24:51,845 - INFO - iter 12060 | loss 0.6572 | lr 2.05e-04 | 56570 tok/s | 8725.2 ms/step
2026-03-12 23:26:19,174 - INFO - iter 12070 | loss 0.6934 | lr 2.05e-04 | 56573 tok/s | 8725.2 ms/step
2026-03-12 23:27:46,506 - INFO - iter 12080 | loss 0.7246 | lr 2.04e-04 | 56576 tok/s | 8725.3 ms/step
2026-03-12 23:29:13,834 - INFO - iter 12090 | loss 0.6738 | lr 2.04e-04 | 56578 tok/s | 8725.3 ms/step
2026-03-12 23:30:41,169 - INFO - iter 12100 | loss 0.6846 | lr 2.04e-04 | 56581 tok/s | 8725.4 ms/step
2026-03-12 23:32:08,521 - INFO - iter 12110 | loss 0.7017 | lr 2.03e-04 | 56584 tok/s | 8725.5 ms/step
2026-03-12 23:33:35,856 - INFO - iter 12120 | loss 0.6997 | lr 2.03e-04 | 56586 tok/s | 8725.6 ms/step
2026-03-12 23:35:03,190 - INFO - iter 12130 | loss 0.6958 | lr 2.02e-04 | 56589 tok/s | 8725.6 ms/step
2026-03-12 23:36:30,524 - INFO - iter 12140 | loss 0.6934 | lr 2.02e-04 | 56592 tok/s | 8725.7 ms/step
2026-03-12 23:37:57,854 - INFO - iter 12150 | loss 0.6929 | lr 2.02e-04 | 56595 tok/s | 8725.8 ms/step
2026-03-12 23:39:25,183 - INFO - iter 12160 | loss 0.6836 | lr 2.01e-04 | 56597 tok/s | 8725.8 ms/step
2026-03-12 23:40:52,508 - INFO - iter 12170 | loss 0.6841 | lr 2.01e-04 | 56600 tok/s | 8725.7 ms/step
2026-03-12 23:42:19,837 - INFO - iter 12180 | loss 0.6938 | lr 2.01e-04 | 56603 tok/s | 8725.7 ms/step
2026-03-12 23:43:47,163 - INFO - iter 12190 | loss 0.7051 | lr 2.00e-04 | 56605 tok/s | 8725.7 ms/step
2026-03-12 23:45:14,492 - INFO - iter 12200 | loss 0.6846 | lr 2.00e-04 | 56608 tok/s | 8725.7 ms/step
2026-03-12 23:46:41,826 - INFO - iter 12210 | loss 0.6846 | lr 1.99e-04 | 56610 tok/s | 8725.6 ms/step
2026-03-12 23:48:09,153 - INFO - iter 12220 | loss 0.6841 | lr 1.99e-04 | 56613 tok/s | 8725.5 ms/step
2026-03-12 23:49:36,477 - INFO - iter 12230 | loss 0.6855 | lr 1.99e-04 | 56616 tok/s | 8725.4 ms/step
2026-03-12 23:51:03,806 - INFO - iter 12240 | loss 0.6934 | lr 1.98e-04 | 56618 tok/s | 8725.4 ms/step
2026-03-12 23:52:31,130 - INFO - iter 12250 | loss 0.6846 | lr 1.98e-04 | 56621 tok/s | 8725.3 ms/step
2026-03-12 23:53:58,458 - INFO - iter 12260 | loss 0.6987 | lr 1.98e-04 | 56624 tok/s | 8725.3 ms/step
2026-03-12 23:55:25,782 - INFO - iter 12270 | loss 0.6943 | lr 1.97e-04 | 56626 tok/s | 8725.3 ms/step
2026-03-12 23:56:53,109 - INFO - iter 12280 | loss 0.6865 | lr 1.97e-04 | 56629 tok/s | 8725.3 ms/step
2026-03-12 23:58:20,434 - INFO - iter 12290 | loss 0.6826 | lr 1.96e-04 | 56632 tok/s | 8725.3 ms/step
2026-03-12 23:59:47,763 - INFO - iter 12300 | loss 0.6694 | lr 1.96e-04 | 56634 tok/s | 8725.3 ms/step
2026-03-13 00:01:15,152 - INFO - iter 12310 | loss 0.6650 | lr 1.96e-04 | 56637 tok/s | 8725.3 ms/step
2026-03-13 00:02:42,480 - INFO - iter 12320 | loss 0.6719 | lr 1.95e-04 | 56639 tok/s | 8725.3 ms/step
2026-03-13 00:04:09,805 - INFO - iter 12330 | loss 0.6821 | lr 1.95e-04 | 56642 tok/s | 8725.3 ms/step
2026-03-13 00:05:37,132 - INFO - iter 12340 | loss 0.6821 | lr 1.95e-04 | 56644 tok/s | 8725.3 ms/step
2026-03-13 00:07:04,457 - INFO - iter 12350 | loss 0.6831 | lr 1.94e-04 | 56647 tok/s | 8725.3 ms/step
2026-03-13 00:08:31,786 - INFO - iter 12360 | loss 0.6938 | lr 1.94e-04 | 56650 tok/s | 8725.3 ms/step
2026-03-13 00:09:59,111 - INFO - iter 12370 | loss 0.6943 | lr 1.93e-04 | 56652 tok/s | 8725.3 ms/step
2026-03-13 00:11:26,439 - INFO - iter 12380 | loss 0.7134 | lr 1.93e-04 | 56655 tok/s | 8725.3 ms/step
2026-03-13 00:12:53,765 - INFO - iter 12390 | loss 0.6958 | lr 1.93e-04 | 56657 tok/s | 8725.3 ms/step
2026-03-13 00:14:21,094 - INFO - iter 12400 | loss 0.7139 | lr 1.92e-04 | 56660 tok/s | 8725.3 ms/step
2026-03-13 00:15:48,427 - INFO - iter 12410 | loss 0.6768 | lr 1.92e-04 | 56663 tok/s | 8725.3 ms/step
2026-03-13 00:17:15,755 - INFO - iter 12420 | loss 0.6968 | lr 1.92e-04 | 56665 tok/s | 8725.3 ms/step
2026-03-13 00:18:43,081 - INFO - iter 12430 | loss 0.6548 | lr 1.91e-04 | 56668 tok/s | 8725.3 ms/step
2026-03-13 00:20:10,408 - INFO - iter 12440 | loss 0.7393 | lr 1.91e-04 | 56670 tok/s | 8725.3 ms/step
2026-03-13 00:21:37,760 - INFO - iter 12450 | loss 0.6577 | lr 1.91e-04 | 56673 tok/s | 8725.6 ms/step
2026-03-13 00:23:05,087 - INFO - iter 12460 | loss 0.7485 | lr 1.90e-04 | 56675 tok/s | 8725.5 ms/step
2026-03-13 00:23:48,783 - INFO - ✓ Saved checkpoint: checkpoints_research/checkpoint_step12465_20260313_002348.pt
2026-03-13 00:23:48,784 - INFO -   Step: 12465, Wall-clock: 32.03h
2026-03-13 00:23:48,786 - INFO - Deleted old checkpoint: checkpoint_step8557_20260312_142339.pt
2026-03-13 00:24:32,463 - INFO - iter 12470 | loss 0.6792 | lr 1.90e-04 | 56678 tok/s | 8724.9 ms/step
2026-03-13 00:25:59,791 - INFO - iter 12480 | loss 0.7227 | lr 1.89e-04 | 56680 tok/s | 8724.9 ms/step
2026-03-13 00:27:27,117 - INFO - iter 12490 | loss 0.6948 | lr 1.89e-04 | 56683 tok/s | 8724.9 ms/step
2026-03-13 00:28:54,446 - INFO - iter 12500 | loss 0.6953 | lr 1.89e-04 | 56685 tok/s | 8724.9 ms/step
2026-03-13 00:28:54,452 - INFO - 
--------------------------------------------------------------------------------
2026-03-13 00:28:54,452 - INFO - EVALUATION at iter 12500
2026-03-13 00:28:54,453 - INFO - --------------------------------------------------------------------------------
2026-03-13 00:33:20,358 - INFO - Val loss: 0.6964 | Val accuracy: 0.4850
2026-03-13 00:33:23,012 - INFO - Spectral radius: 0.998922
2026-03-13 00:33:23,013 - INFO - Condition number: 1898.546974
2026-03-13 00:33:23,013 - INFO - ERF: 3352
2026-03-13 00:33:23,069 - INFO - L2 error (vs RK4): 0.000000
2026-03-13 00:33:23,070 - INFO - VRAM peak (eval window): 15179.3 MB
2026-03-13 00:33:23,070 - INFO - Evaluation time: 268.6s
2026-03-13 00:33:23,071 - INFO - --------------------------------------------------------------------------------

2026-03-13 00:34:50,504 - INFO - iter 12510 | loss 0.6660 | lr 1.88e-04 | 56557 tok/s | 8724.9 ms/step
2026-03-13 00:36:17,831 - INFO - iter 12520 | loss 0.6958 | lr 1.88e-04 | 56559 tok/s | 8724.9 ms/step
2026-03-13 00:37:45,158 - INFO - iter 12530 | loss 0.6753 | lr 1.88e-04 | 56562 tok/s | 8724.9 ms/step
2026-03-13 00:39:12,486 - INFO - iter 12540 | loss 0.6978 | lr 1.87e-04 | 56564 tok/s | 8724.9 ms/step
2026-03-13 00:40:39,809 - INFO - iter 12550 | loss 0.6973 | lr 1.87e-04 | 56567 tok/s | 8724.7 ms/step
2026-03-13 00:42:07,137 - INFO - iter 12560 | loss 0.7593 | lr 1.86e-04 | 56570 tok/s | 8724.7 ms/step
2026-03-13 00:43:34,462 - INFO - iter 12570 | loss 0.6963 | lr 1.86e-04 | 56572 tok/s | 8725.3 ms/step
2026-03-13 00:45:01,789 - INFO - iter 12580 | loss 0.7119 | lr 1.86e-04 | 56575 tok/s | 8725.3 ms/step
2026-03-13 00:46:29,113 - INFO - iter 12590 | loss 0.6948 | lr 1.85e-04 | 56577 tok/s | 8725.3 ms/step
2026-03-13 00:47:56,439 - INFO - iter 12600 | loss 0.6943 | lr 1.85e-04 | 56580 tok/s | 8725.2 ms/step
2026-03-13 00:49:23,776 - INFO - iter 12610 | loss 0.6865 | lr 1.85e-04 | 56583 tok/s | 8725.3 ms/step
2026-03-13 00:50:51,106 - INFO - iter 12620 | loss 0.6943 | lr 1.84e-04 | 56585 tok/s | 8725.3 ms/step
2026-03-13 00:52:18,433 - INFO - iter 12630 | loss 0.6929 | lr 1.84e-04 | 56588 tok/s | 8725.3 ms/step
2026-03-13 00:53:45,762 - INFO - iter 12640 | loss 0.6968 | lr 1.84e-04 | 56590 tok/s | 8725.3 ms/step
2026-03-13 00:55:13,089 - INFO - iter 12650 | loss 0.6821 | lr 1.83e-04 | 56593 tok/s | 8725.4 ms/step
2026-03-13 00:56:40,420 - INFO - iter 12660 | loss 0.6943 | lr 1.83e-04 | 56596 tok/s | 8725.4 ms/step
2026-03-13 00:58:07,746 - INFO - iter 12670 | loss 0.6938 | lr 1.82e-04 | 56598 tok/s | 8725.4 ms/step
2026-03-13 00:59:35,076 - INFO - iter 12680 | loss 0.6865 | lr 1.82e-04 | 56601 tok/s | 8725.4 ms/step
2026-03-13 01:01:02,403 - INFO - iter 12690 | loss 0.6943 | lr 1.82e-04 | 56603 tok/s | 8725.5 ms/step
2026-03-13 01:02:29,731 - INFO - iter 12700 | loss 0.7080 | lr 1.81e-04 | 56606 tok/s | 8725.5 ms/step
2026-03-13 01:03:57,086 - INFO - iter 12710 | loss 0.7026 | lr 1.81e-04 | 56608 tok/s | 8725.4 ms/step
2026-03-13 01:05:24,413 - INFO - iter 12720 | loss 0.6870 | lr 1.81e-04 | 56611 tok/s | 8725.4 ms/step
2026-03-13 01:06:51,737 - INFO - iter 12730 | loss 0.7075 | lr 1.80e-04 | 56613 tok/s | 8725.4 ms/step
2026-03-13 01:08:19,064 - INFO - iter 12740 | loss 0.6948 | lr 1.80e-04 | 56616 tok/s | 8725.4 ms/step
2026-03-13 01:09:46,388 - INFO - iter 12750 | loss 0.6836 | lr 1.80e-04 | 56618 tok/s | 8725.3 ms/step
2026-03-13 01:11:13,716 - INFO - iter 12760 | loss 0.6660 | lr 1.79e-04 | 56621 tok/s | 8725.3 ms/step
2026-03-13 01:12:41,042 - INFO - iter 12770 | loss 0.7021 | lr 1.79e-04 | 56623 tok/s | 8725.3 ms/step
2026-03-13 01:14:08,370 - INFO - iter 12780 | loss 0.6846 | lr 1.78e-04 | 56626 tok/s | 8725.3 ms/step
2026-03-13 01:15:35,696 - INFO - iter 12790 | loss 0.7188 | lr 1.78e-04 | 56628 tok/s | 8725.3 ms/step
2026-03-13 01:17:03,025 - INFO - iter 12800 | loss 0.7095 | lr 1.78e-04 | 56631 tok/s | 8725.3 ms/step
2026-03-13 01:18:30,364 - INFO - iter 12810 | loss 0.6802 | lr 1.77e-04 | 56633 tok/s | 8725.3 ms/step
2026-03-13 01:19:57,696 - INFO - iter 12820 | loss 0.7153 | lr 1.77e-04 | 56636 tok/s | 8725.4 ms/step
2026-03-13 01:21:25,023 - INFO - iter 12830 | loss 0.6968 | lr 1.77e-04 | 56639 tok/s | 8725.4 ms/step
2026-03-13 01:22:52,356 - INFO - iter 12840 | loss 0.7144 | lr 1.76e-04 | 56641 tok/s | 8725.5 ms/step
2026-03-13 01:24:19,685 - INFO - iter 12850 | loss 0.7158 | lr 1.76e-04 | 56643 tok/s | 8725.5 ms/step
2026-03-13 01:25:47,018 - INFO - iter 12860 | loss 0.7168 | lr 1.76e-04 | 56646 tok/s | 8725.5 ms/step
2026-03-13 01:27:14,347 - INFO - iter 12870 | loss 0.6763 | lr 1.75e-04 | 56648 tok/s | 8725.6 ms/step
2026-03-13 01:28:41,678 - INFO - iter 12880 | loss 0.6782 | lr 1.75e-04 | 56651 tok/s | 8725.6 ms/step
2026-03-13 01:30:09,007 - INFO - iter 12890 | loss 0.6812 | lr 1.75e-04 | 56653 tok/s | 8725.6 ms/step
2026-03-13 01:31:36,339 - INFO - iter 12900 | loss 0.7183 | lr 1.74e-04 | 56656 tok/s | 8725.7 ms/step
2026-03-13 01:33:03,676 - INFO - iter 12910 | loss 0.7041 | lr 1.74e-04 | 56658 tok/s | 8725.7 ms/step
2026-03-13 01:34:31,006 - INFO - iter 12920 | loss 0.7007 | lr 1.73e-04 | 56661 tok/s | 8725.6 ms/step
2026-03-13 01:35:58,330 - INFO - iter 12930 | loss 0.6826 | lr 1.73e-04 | 56663 tok/s | 8725.6 ms/step
2026-03-13 01:37:25,660 - INFO - iter 12940 | loss 0.6924 | lr 1.73e-04 | 56666 tok/s | 8725.6 ms/step
2026-03-13 01:38:53,014 - INFO - iter 12950 | loss 0.6919 | lr 1.72e-04 | 56668 tok/s | 8725.8 ms/step
2026-03-13 01:40:20,342 - INFO - iter 12960 | loss 0.6812 | lr 1.72e-04 | 56671 tok/s | 8725.8 ms/step
2026-03-13 01:41:47,669 - INFO - iter 12970 | loss 0.6851 | lr 1.72e-04 | 56673 tok/s | 8725.7 ms/step
2026-03-13 01:43:14,997 - INFO - iter 12980 | loss 0.6948 | lr 1.71e-04 | 56676 tok/s | 8725.7 ms/step
2026-03-13 01:44:42,322 - INFO - iter 12990 | loss 0.7300 | lr 1.71e-04 | 56678 tok/s | 8725.7 ms/step
2026-03-13 01:46:09,651 - INFO - iter 13000 | loss 0.6772 | lr 1.71e-04 | 56680 tok/s | 8725.6 ms/step
2026-03-13 01:46:09,658 - INFO - 
--------------------------------------------------------------------------------
2026-03-13 01:46:09,658 - INFO - EVALUATION at iter 13000
2026-03-13 01:46:09,658 - INFO - --------------------------------------------------------------------------------
2026-03-13 01:50:35,542 - INFO - Val loss: 0.6986 | Val accuracy: 0.4850
2026-03-13 01:50:38,195 - INFO - Spectral radius: 0.998896
2026-03-13 01:50:38,195 - INFO - Condition number: 1740.474671
2026-03-13 01:50:38,195 - INFO - ERF: 3194
2026-03-13 01:50:38,248 - INFO - L2 error (vs RK4): 0.000000
2026-03-13 01:50:38,249 - INFO - VRAM peak (eval window): 15179.3 MB
2026-03-13 01:50:38,249 - INFO - Evaluation time: 268.6s
2026-03-13 01:50:38,249 - INFO - --------------------------------------------------------------------------------

2026-03-13 01:52:05,690 - INFO - iter 13010 | loss 0.6763 | lr 1.70e-04 | 56557 tok/s | 8725.7 ms/step
2026-03-13 01:53:33,015 - INFO - iter 13020 | loss 0.6743 | lr 1.70e-04 | 56559 tok/s | 8725.7 ms/step
2026-03-13 01:55:00,338 - INFO - iter 13030 | loss 0.6982 | lr 1.70e-04 | 56562 tok/s | 8725.7 ms/step
2026-03-13 01:56:27,665 - INFO - iter 13040 | loss 0.6968 | lr 1.69e-04 | 56564 tok/s | 8725.6 ms/step
2026-03-13 01:57:54,989 - INFO - iter 13050 | loss 0.6777 | lr 1.69e-04 | 56567 tok/s | 8725.4 ms/step
2026-03-13 01:59:22,314 - INFO - iter 13060 | loss 0.7422 | lr 1.68e-04 | 56569 tok/s | 8725.3 ms/step
2026-03-13 02:00:49,636 - INFO - iter 13070 | loss 0.6943 | lr 1.68e-04 | 56572 tok/s | 8725.3 ms/step
2026-03-13 02:02:16,960 - INFO - iter 13080 | loss 0.6577 | lr 1.68e-04 | 56574 tok/s | 8725.3 ms/step
2026-03-13 02:03:44,283 - INFO - iter 13090 | loss 0.6816 | lr 1.67e-04 | 56577 tok/s | 8725.2 ms/step
2026-03-13 02:05:11,608 - INFO - iter 13100 | loss 0.6938 | lr 1.67e-04 | 56579 tok/s | 8725.2 ms/step
2026-03-13 02:06:38,957 - INFO - iter 13110 | loss 0.6934 | lr 1.67e-04 | 56582 tok/s | 8725.3 ms/step
2026-03-13 02:08:06,285 - INFO - iter 13120 | loss 0.6860 | lr 1.66e-04 | 56584 tok/s | 8725.3 ms/step
2026-03-13 02:09:33,607 - INFO - iter 13130 | loss 0.6860 | lr 1.66e-04 | 56587 tok/s | 8725.3 ms/step
2026-03-13 02:11:00,935 - INFO - iter 13140 | loss 0.6875 | lr 1.66e-04 | 56589 tok/s | 8725.3 ms/step
2026-03-13 02:12:28,260 - INFO - iter 13150 | loss 0.7065 | lr 1.65e-04 | 56592 tok/s | 8725.3 ms/step
2026-03-13 02:13:55,586 - INFO - iter 13160 | loss 0.6929 | lr 1.65e-04 | 56594 tok/s | 8725.3 ms/step
2026-03-13 02:15:22,908 - INFO - iter 13170 | loss 0.6992 | lr 1.65e-04 | 56596 tok/s | 8725.3 ms/step
2026-03-13 02:16:50,237 - INFO - iter 13180 | loss 0.6938 | lr 1.64e-04 | 56599 tok/s | 8725.3 ms/step
2026-03-13 02:18:17,564 - INFO - iter 13190 | loss 0.6865 | lr 1.64e-04 | 56601 tok/s | 8725.4 ms/step
2026-03-13 02:19:44,890 - INFO - iter 13200 | loss 0.7021 | lr 1.64e-04 | 56604 tok/s | 8725.4 ms/step
2026-03-13 02:21:12,222 - INFO - iter 13210 | loss 0.7305 | lr 1.63e-04 | 56606 tok/s | 8725.2 ms/step
2026-03-13 02:22:39,547 - INFO - iter 13220 | loss 0.6797 | lr 1.63e-04 | 56609 tok/s | 8725.2 ms/step
2026-03-13 02:23:49,435 - INFO - ✓ Saved checkpoint: checkpoints_research/checkpoint_step13228_20260313_022349.pt
2026-03-13 02:23:49,435 - INFO -   Step: 13228, Wall-clock: 34.03h
2026-03-13 02:23:49,437 - INFO - Deleted old checkpoint: checkpoint_step9351_20260312_162341.pt
2026-03-13 02:24:06,926 - INFO - iter 13230 | loss 0.7080 | lr 1.62e-04 | 56611 tok/s | 8724.6 ms/step
2026-03-13 02:25:34,253 - INFO - iter 13240 | loss 0.6948 | lr 1.62e-04 | 56614 tok/s | 8724.6 ms/step
2026-03-13 02:27:01,577 - INFO - iter 13250 | loss 0.6938 | lr 1.62e-04 | 56616 tok/s | 8724.6 ms/step
2026-03-13 02:28:28,904 - INFO - iter 13260 | loss 0.7119 | lr 1.61e-04 | 56618 tok/s | 8724.6 ms/step
2026-03-13 02:29:56,229 - INFO - iter 13270 | loss 0.6860 | lr 1.61e-04 | 56621 tok/s | 8724.6 ms/step
2026-03-13 02:31:23,557 - INFO - iter 13280 | loss 0.6880 | lr 1.61e-04 | 56623 tok/s | 8724.6 ms/step
2026-03-13 02:32:50,884 - INFO - iter 13290 | loss 0.6963 | lr 1.60e-04 | 56626 tok/s | 8724.6 ms/step
2026-03-13 02:34:18,212 - INFO - iter 13300 | loss 0.6973 | lr 1.60e-04 | 56628 tok/s | 8724.6 ms/step
2026-03-13 02:35:45,544 - INFO - iter 13310 | loss 0.6958 | lr 1.60e-04 | 56631 tok/s | 8724.6 ms/step
2026-03-13 02:37:12,870 - INFO - iter 13320 | loss 0.6919 | lr 1.59e-04 | 56633 tok/s | 8724.6 ms/step
2026-03-13 02:38:40,192 - INFO - iter 13330 | loss 0.6865 | lr 1.59e-04 | 56635 tok/s | 8725.2 ms/step
2026-03-13 02:40:07,517 - INFO - iter 13340 | loss 0.6826 | lr 1.59e-04 | 56638 tok/s | 8725.2 ms/step
2026-03-13 02:41:34,838 - INFO - iter 13350 | loss 0.6870 | lr 1.58e-04 | 56640 tok/s | 8725.2 ms/step
2026-03-13 02:43:02,163 - INFO - iter 13360 | loss 0.6860 | lr 1.58e-04 | 56643 tok/s | 8725.2 ms/step
2026-03-13 02:44:29,486 - INFO - iter 13370 | loss 0.7002 | lr 1.58e-04 | 56645 tok/s | 8725.1 ms/step
2026-03-13 02:45:56,811 - INFO - iter 13380 | loss 0.7173 | lr 1.57e-04 | 56647 tok/s | 8725.1 ms/step
2026-03-13 02:47:24,133 - INFO - iter 13390 | loss 0.6855 | lr 1.57e-04 | 56650 tok/s | 8725.1 ms/step
2026-03-13 02:48:51,457 - INFO - iter 13400 | loss 0.6934 | lr 1.57e-04 | 56652 tok/s | 8725.0 ms/step
2026-03-13 02:50:18,808 - INFO - iter 13410 | loss 0.6885 | lr 1.56e-04 | 56655 tok/s | 8725.0 ms/step
2026-03-13 02:51:46,134 - INFO - iter 13420 | loss 0.6938 | lr 1.56e-04 | 56657 tok/s | 8725.0 ms/step
2026-03-13 02:53:13,458 - INFO - iter 13430 | loss 0.6968 | lr 1.56e-04 | 56659 tok/s | 8725.1 ms/step
2026-03-13 02:54:40,812 - INFO - iter 13440 | loss 0.6953 | lr 1.55e-04 | 56662 tok/s | 8725.3 ms/step
2026-03-13 02:56:08,136 - INFO - iter 13450 | loss 0.6914 | lr 1.55e-04 | 56664 tok/s | 8725.4 ms/step
2026-03-13 02:57:35,463 - INFO - iter 13460 | loss 0.6924 | lr 1.55e-04 | 56666 tok/s | 8725.4 ms/step
2026-03-13 02:59:02,787 - INFO - iter 13470 | loss 0.6924 | lr 1.54e-04 | 56669 tok/s | 8725.4 ms/step
2026-03-13 03:00:30,115 - INFO - iter 13480 | loss 0.6914 | lr 1.54e-04 | 56671 tok/s | 8725.4 ms/step
2026-03-13 03:01:57,441 - INFO - iter 13490 | loss 0.6895 | lr 1.53e-04 | 56673 tok/s | 8725.5 ms/step
2026-03-13 03:03:24,770 - INFO - iter 13500 | loss 0.6987 | lr 1.53e-04 | 56676 tok/s | 8725.5 ms/step
2026-03-13 03:03:24,781 - INFO - 
--------------------------------------------------------------------------------
2026-03-13 03:03:24,781 - INFO - EVALUATION at iter 13500
2026-03-13 03:03:24,781 - INFO - --------------------------------------------------------------------------------
2026-03-13 03:07:50,677 - INFO - Val loss: 0.6941 | Val accuracy: 0.4850
2026-03-13 03:07:53,329 - INFO - Spectral radius: 0.998903
2026-03-13 03:07:53,330 - INFO - Condition number: 1867.721705
2026-03-13 03:07:53,330 - INFO - ERF: 3279
2026-03-13 03:07:53,388 - INFO - L2 error (vs RK4): 0.000000
2026-03-13 03:07:53,389 - INFO - VRAM peak (eval window): 15179.3 MB
2026-03-13 03:07:53,389 - INFO - Evaluation time: 268.6s
2026-03-13 03:07:53,389 - INFO - --------------------------------------------------------------------------------

2026-03-13 03:09:20,822 - INFO - iter 13510 | loss 0.6992 | lr 1.53e-04 | 56557 tok/s | 8725.5 ms/step
2026-03-13 03:10:48,147 - INFO - iter 13520 | loss 0.6929 | lr 1.52e-04 | 56559 tok/s | 8725.5 ms/step
2026-03-13 03:12:15,469 - INFO - iter 13530 | loss 0.7007 | lr 1.52e-04 | 56561 tok/s | 8725.4 ms/step
2026-03-13 03:13:42,796 - INFO - iter 13540 | loss 0.6890 | lr 1.52e-04 | 56564 tok/s | 8725.2 ms/step
2026-03-13 03:15:10,120 - INFO - iter 13550 | loss 0.6802 | lr 1.51e-04 | 56566 tok/s | 8725.2 ms/step
2026-03-13 03:16:37,446 - INFO - iter 13560 | loss 0.6890 | lr 1.51e-04 | 56569 tok/s | 8725.2 ms/step
2026-03-13 03:18:04,767 - INFO - iter 13570 | loss 0.6992 | lr 1.51e-04 | 56571 tok/s | 8725.1 ms/step
2026-03-13 03:19:32,094 - INFO - iter 13580 | loss 0.6934 | lr 1.50e-04 | 56573 tok/s | 8725.1 ms/step
2026-03-13 03:20:59,418 - INFO - iter 13590 | loss 0.6953 | lr 1.50e-04 | 56576 tok/s | 8725.1 ms/step
2026-03-13 03:22:26,748 - INFO - iter 13600 | loss 0.6836 | lr 1.50e-04 | 56578 tok/s | 8725.1 ms/step
2026-03-13 03:23:54,103 - INFO - iter 13610 | loss 0.6597 | lr 1.49e-04 | 56581 tok/s | 8725.2 ms/step
2026-03-13 03:25:21,437 - INFO - iter 13620 | loss 0.6655 | lr 1.49e-04 | 56583 tok/s | 8725.3 ms/step
2026-03-13 03:26:48,767 - INFO - iter 13630 | loss 0.6948 | lr 1.49e-04 | 56585 tok/s | 8725.4 ms/step
2026-03-13 03:28:16,101 - INFO - iter 13640 | loss 0.7510 | lr 1.48e-04 | 56588 tok/s | 8725.5 ms/step
2026-03-13 03:29:43,433 - INFO - iter 13650 | loss 0.6958 | lr 1.48e-04 | 56590 tok/s | 8725.5 ms/step
2026-03-13 03:31:10,764 - INFO - iter 13660 | loss 0.7129 | lr 1.48e-04 | 56593 tok/s | 8725.6 ms/step
2026-03-13 03:32:38,092 - INFO - iter 13670 | loss 0.6953 | lr 1.47e-04 | 56595 tok/s | 8725.7 ms/step
2026-03-13 03:34:05,421 - INFO - iter 13680 | loss 0.7153 | lr 1.47e-04 | 56597 tok/s | 8725.7 ms/step
2026-03-13 03:35:32,748 - INFO - iter 13690 | loss 0.6802 | lr 1.47e-04 | 56600 tok/s | 8725.7 ms/step
2026-03-13 03:37:00,079 - INFO - iter 13700 | loss 0.6924 | lr 1.46e-04 | 56602 tok/s | 8725.7 ms/step
2026-03-13 03:38:27,419 - INFO - iter 13710 | loss 0.6929 | lr 1.46e-04 | 56604 tok/s | 8725.7 ms/step
2026-03-13 03:39:54,747 - INFO - iter 13720 | loss 0.6943 | lr 1.46e-04 | 56607 tok/s | 8725.6 ms/step
2026-03-13 03:41:22,071 - INFO - iter 13730 | loss 0.6924 | lr 1.45e-04 | 56609 tok/s | 8725.6 ms/step
2026-03-13 03:42:49,397 - INFO - iter 13740 | loss 0.6934 | lr 1.45e-04 | 56611 tok/s | 8725.5 ms/step
2026-03-13 03:44:16,718 - INFO - iter 13750 | loss 0.6929 | lr 1.45e-04 | 56614 tok/s | 8725.4 ms/step
2026-03-13 03:45:44,042 - INFO - iter 13760 | loss 0.6929 | lr 1.44e-04 | 56616 tok/s | 8725.3 ms/step
2026-03-13 03:47:11,365 - INFO - iter 13770 | loss 0.6919 | lr 1.44e-04 | 56619 tok/s | 8725.2 ms/step
2026-03-13 03:48:38,693 - INFO - iter 13780 | loss 0.6963 | lr 1.44e-04 | 56621 tok/s | 8725.2 ms/step
2026-03-13 03:50:06,014 - INFO - iter 13790 | loss 0.6880 | lr 1.43e-04 | 56623 tok/s | 8725.2 ms/step
2026-03-13 03:51:33,341 - INFO - iter 13800 | loss 0.6992 | lr 1.43e-04 | 56626 tok/s | 8725.1 ms/step
2026-03-13 03:53:00,676 - INFO - iter 13810 | loss 0.6987 | lr 1.43e-04 | 56628 tok/s | 8725.1 ms/step
2026-03-13 03:54:28,004 - INFO - iter 13820 | loss 0.7002 | lr 1.42e-04 | 56630 tok/s | 8725.1 ms/step
2026-03-13 03:55:55,328 - INFO - iter 13830 | loss 0.7026 | lr 1.42e-04 | 56633 tok/s | 8725.1 ms/step
2026-03-13 03:57:22,660 - INFO - iter 13840 | loss 0.6973 | lr 1.42e-04 | 56635 tok/s | 8725.2 ms/step
2026-03-13 03:58:49,995 - INFO - iter 13850 | loss 0.6895 | lr 1.41e-04 | 56637 tok/s | 8725.3 ms/step
2026-03-13 04:00:17,330 - INFO - iter 13860 | loss 0.6792 | lr 1.41e-04 | 56639 tok/s | 8725.4 ms/step
2026-03-13 04:01:44,660 - INFO - iter 13870 | loss 0.6953 | lr 1.41e-04 | 56642 tok/s | 8725.5 ms/step
2026-03-13 04:03:11,993 - INFO - iter 13880 | loss 0.7065 | lr 1.40e-04 | 56644 tok/s | 8725.6 ms/step
2026-03-13 04:04:39,320 - INFO - iter 13890 | loss 0.7168 | lr 1.40e-04 | 56646 tok/s | 8725.6 ms/step
2026-03-13 04:06:06,653 - INFO - iter 13900 | loss 0.6890 | lr 1.40e-04 | 56649 tok/s | 8725.7 ms/step
2026-03-13 04:07:34,000 - INFO - iter 13910 | loss 0.6934 | lr 1.39e-04 | 56651 tok/s | 8725.7 ms/step
2026-03-13 04:09:01,332 - INFO - iter 13920 | loss 0.6934 | lr 1.39e-04 | 56653 tok/s | 8725.8 ms/step
2026-03-13 04:10:28,662 - INFO - iter 13930 | loss 0.6890 | lr 1.39e-04 | 56656 tok/s | 8725.8 ms/step
2026-03-13 04:11:55,995 - INFO - iter 13940 | loss 0.6929 | lr 1.38e-04 | 56658 tok/s | 8725.8 ms/step
2026-03-13 04:13:23,381 - INFO - iter 13950 | loss 0.6934 | lr 1.38e-04 | 56660 tok/s | 8726.3 ms/step
2026-03-13 04:14:50,711 - INFO - iter 13960 | loss 0.6899 | lr 1.38e-04 | 56662 tok/s | 8726.3 ms/step
2026-03-13 04:16:18,039 - INFO - iter 13970 | loss 0.6958 | lr 1.37e-04 | 56665 tok/s | 8726.3 ms/step
2026-03-13 04:17:45,372 - INFO - iter 13980 | loss 0.6934 | lr 1.37e-04 | 56667 tok/s | 8726.3 ms/step
2026-03-13 04:19:12,701 - INFO - iter 13990 | loss 0.6938 | lr 1.37e-04 | 56669 tok/s | 8726.3 ms/step
2026-03-13 04:20:40,033 - INFO - iter 14000 | loss 0.6909 | lr 1.36e-04 | 56671 tok/s | 8726.3 ms/step
2026-03-13 04:20:40,039 - INFO - 
--------------------------------------------------------------------------------
2026-03-13 04:20:40,039 - INFO - EVALUATION at iter 14000
2026-03-13 04:20:40,039 - INFO - --------------------------------------------------------------------------------
2026-03-13 04:25:05,941 - INFO - Val loss: 0.6925 | Val accuracy: 0.5150
2026-03-13 04:25:08,594 - INFO - Spectral radius: 0.998908
2026-03-13 04:25:08,594 - INFO - Condition number: 1917.077122
2026-03-13 04:25:08,594 - INFO - ERF: 3293
2026-03-13 04:25:08,711 - INFO - L2 error (vs RK4): 0.000000
2026-03-13 04:25:08,711 - INFO - VRAM peak (eval window): 15179.3 MB
2026-03-13 04:25:08,712 - INFO - Evaluation time: 268.7s
2026-03-13 04:25:08,712 - INFO - --------------------------------------------------------------------------------

2026-03-13 04:25:08,743 - INFO - ✓ Saved BEST checkpoint: checkpoints_research/best_checkpoint.pt
2026-03-13 04:25:08,743 - INFO -   Step: 14000, Val loss: N/A
2026-03-13 04:25:08,887 - INFO - ✓ Saved checkpoint: checkpoints_research/checkpoint_step14000_20260313_042508.pt
2026-03-13 04:25:08,887 - INFO -   Step: 14000, Wall-clock: 36.05h
2026-03-13 04:25:08,889 - INFO - Deleted old checkpoint: checkpoint_step10114_20260312_182342.pt
2026-03-13 04:26:36,217 - INFO - iter 14010 | loss 0.6978 | lr 1.36e-04 | 56556 tok/s | 8726.2 ms/step
2026-03-13 04:28:03,545 - INFO - iter 14020 | loss 0.6807 | lr 1.36e-04 | 56559 tok/s | 8726.2 ms/step
2026-03-13 04:29:30,870 - INFO - iter 14030 | loss 0.6851 | lr 1.35e-04 | 56561 tok/s | 8726.1 ms/step
2026-03-13 04:30:58,195 - INFO - iter 14040 | loss 0.7095 | lr 1.35e-04 | 56563 tok/s | 8726.0 ms/step
2026-03-13 04:32:25,517 - INFO - iter 14050 | loss 0.6777 | lr 1.35e-04 | 56566 tok/s | 8725.4 ms/step
2026-03-13 04:33:52,842 - INFO - iter 14060 | loss 0.7036 | lr 1.35e-04 | 56568 tok/s | 8725.4 ms/step
2026-03-13 04:35:20,167 - INFO - iter 14070 | loss 0.6851 | lr 1.34e-04 | 56570 tok/s | 8725.3 ms/step
2026-03-13 04:36:47,495 - INFO - iter 14080 | loss 0.7031 | lr 1.34e-04 | 56573 tok/s | 8725.3 ms/step
2026-03-13 04:38:14,820 - INFO - iter 14090 | loss 0.7168 | lr 1.34e-04 | 56575 tok/s | 8725.3 ms/step
2026-03-13 04:39:42,149 - INFO - iter 14100 | loss 0.6821 | lr 1.33e-04 | 56577 tok/s | 8725.2 ms/step
2026-03-13 04:41:09,487 - INFO - iter 14110 | loss 0.7036 | lr 1.33e-04 | 56580 tok/s | 8725.3 ms/step
2026-03-13 04:42:36,818 - INFO - iter 14120 | loss 0.6841 | lr 1.33e-04 | 56582 tok/s | 8725.3 ms/step
2026-03-13 04:44:04,145 - INFO - iter 14130 | loss 0.7129 | lr 1.32e-04 | 56584 tok/s | 8725.3 ms/step
2026-03-13 04:45:31,474 - INFO - iter 14140 | loss 0.7109 | lr 1.32e-04 | 56587 tok/s | 8725.4 ms/step
2026-03-13 04:46:58,804 - INFO - iter 14150 | loss 0.7192 | lr 1.32e-04 | 56589 tok/s | 8725.4 ms/step
2026-03-13 04:48:26,134 - INFO - iter 14160 | loss 0.7070 | lr 1.31e-04 | 56591 tok/s | 8725.5 ms/step
2026-03-13 04:49:53,464 - INFO - iter 14170 | loss 0.7085 | lr 1.31e-04 | 56593 tok/s | 8725.5 ms/step
2026-03-13 04:51:20,796 - INFO - iter 14180 | loss 0.7012 | lr 1.31e-04 | 56596 tok/s | 8725.6 ms/step
2026-03-13 04:52:48,123 - INFO - iter 14190 | loss 0.7021 | lr 1.30e-04 | 56598 tok/s | 8725.6 ms/step
2026-03-13 04:54:15,455 - INFO - iter 14200 | loss 0.6890 | lr 1.30e-04 | 56600 tok/s | 8725.6 ms/step
2026-03-13 04:55:42,794 - INFO - iter 14210 | loss 0.6948 | lr 1.30e-04 | 56603 tok/s | 8725.6 ms/step
2026-03-13 04:57:10,124 - INFO - iter 14220 | loss 0.6929 | lr 1.29e-04 | 56605 tok/s | 8725.6 ms/step
2026-03-13 04:58:37,449 - INFO - iter 14230 | loss 0.6953 | lr 1.29e-04 | 56607 tok/s | 8725.6 ms/step
2026-03-13 05:00:04,776 - INFO - iter 14240 | loss 0.6899 | lr 1.29e-04 | 56609 tok/s | 8725.6 ms/step
2026-03-13 05:01:32,099 - INFO - iter 14250 | loss 0.6904 | lr 1.28e-04 | 56612 tok/s | 8725.5 ms/step
2026-03-13 05:02:59,425 - INFO - iter 14260 | loss 0.6938 | lr 1.28e-04 | 56614 tok/s | 8725.5 ms/step
2026-03-13 05:04:26,748 - INFO - iter 14270 | loss 0.6982 | lr 1.28e-04 | 56616 tok/s | 8725.4 ms/step
2026-03-13 05:05:54,074 - INFO - iter 14280 | loss 0.6943 | lr 1.27e-04 | 56618 tok/s | 8725.4 ms/step
2026-03-13 05:07:21,398 - INFO - iter 14290 | loss 0.6938 | lr 1.27e-04 | 56621 tok/s | 8725.3 ms/step
2026-03-13 05:08:48,724 - INFO - iter 14300 | loss 0.6929 | lr 1.27e-04 | 56623 tok/s | 8725.3 ms/step
2026-03-13 05:10:16,061 - INFO - iter 14310 | loss 0.6855 | lr 1.27e-04 | 56625 tok/s | 8725.3 ms/step
2026-03-13 05:11:43,390 - INFO - iter 14320 | loss 0.6885 | lr 1.26e-04 | 56627 tok/s | 8725.3 ms/step
2026-03-13 05:13:10,717 - INFO - iter 14330 | loss 0.6738 | lr 1.26e-04 | 56630 tok/s | 8725.3 ms/step
2026-03-13 05:14:38,044 - INFO - iter 14340 | loss 0.7070 | lr 1.26e-04 | 56632 tok/s | 8725.3 ms/step
2026-03-13 05:16:05,372 - INFO - iter 14350 | loss 0.6797 | lr 1.25e-04 | 56634 tok/s | 8725.3 ms/step
2026-03-13 05:17:32,701 - INFO - iter 14360 | loss 0.6870 | lr 1.25e-04 | 56636 tok/s | 8725.3 ms/step
2026-03-13 05:19:00,027 - INFO - iter 14370 | loss 0.6846 | lr 1.25e-04 | 56639 tok/s | 8725.4 ms/step
2026-03-13 05:20:27,357 - INFO - iter 14380 | loss 0.6899 | lr 1.24e-04 | 56641 tok/s | 8725.4 ms/step
2026-03-13 05:21:54,684 - INFO - iter 14390 | loss 0.6914 | lr 1.24e-04 | 56643 tok/s | 8725.4 ms/step
2026-03-13 05:23:22,012 - INFO - iter 14400 | loss 0.6934 | lr 1.24e-04 | 56645 tok/s | 8725.5 ms/step
2026-03-13 05:24:49,348 - INFO - iter 14410 | loss 0.6831 | lr 1.23e-04 | 56648 tok/s | 8725.5 ms/step
2026-03-13 05:26:16,675 - INFO - iter 14420 | loss 0.6992 | lr 1.23e-04 | 56650 tok/s | 8725.4 ms/step
2026-03-13 05:27:44,000 - INFO - iter 14430 | loss 0.7007 | lr 1.23e-04 | 56652 tok/s | 8725.4 ms/step
2026-03-13 05:29:11,375 - INFO - iter 14440 | loss 0.6929 | lr 1.23e-04 | 56654 tok/s | 8725.9 ms/step
2026-03-13 05:30:38,699 - INFO - iter 14450 | loss 0.6865 | lr 1.22e-04 | 56656 tok/s | 8725.8 ms/step
2026-03-13 05:32:06,026 - INFO - iter 14460 | loss 0.7007 | lr 1.22e-04 | 56659 tok/s | 8725.8 ms/step
2026-03-13 05:33:33,350 - INFO - iter 14470 | loss 0.6675 | lr 1.22e-04 | 56661 tok/s | 8725.8 ms/step
2026-03-13 05:35:00,676 - INFO - iter 14480 | loss 0.7173 | lr 1.21e-04 | 56663 tok/s | 8725.8 ms/step
2026-03-13 05:36:27,998 - INFO - iter 14490 | loss 0.7085 | lr 1.21e-04 | 56665 tok/s | 8725.7 ms/step
2026-03-13 05:37:55,324 - INFO - iter 14500 | loss 0.6953 | lr 1.21e-04 | 56667 tok/s | 8725.7 ms/step
2026-03-13 05:37:55,335 - INFO - 
--------------------------------------------------------------------------------
2026-03-13 05:37:55,335 - INFO - EVALUATION at iter 14500
2026-03-13 05:37:55,335 - INFO - --------------------------------------------------------------------------------
2026-03-13 05:42:21,226 - INFO - Val loss: 0.6969 | Val accuracy: 0.4850
2026-03-13 05:42:23,878 - INFO - Spectral radius: 0.998898
2026-03-13 05:42:23,878 - INFO - Condition number: 1925.528708
2026-03-13 05:42:23,878 - INFO - ERF: 3292
2026-03-13 05:42:23,931 - INFO - L2 error (vs RK4): 0.000000
2026-03-13 05:42:23,932 - INFO - VRAM peak (eval window): 15179.3 MB
2026-03-13 05:42:23,932 - INFO - Evaluation time: 268.6s
2026-03-13 05:42:23,933 - INFO - --------------------------------------------------------------------------------

2026-03-13 05:43:51,444 - INFO - iter 14510 | loss 0.7280 | lr 1.20e-04 | 56556 tok/s | 8725.6 ms/step
2026-03-13 05:45:18,775 - INFO - iter 14520 | loss 0.7119 | lr 1.20e-04 | 56559 tok/s | 8725.7 ms/step
2026-03-13 05:46:46,102 - INFO - iter 14530 | loss 0.6943 | lr 1.20e-04 | 56561 tok/s | 8725.7 ms/step
2026-03-13 05:48:13,428 - INFO - iter 14540 | loss 0.7329 | lr 1.19e-04 | 56563 tok/s | 8725.2 ms/step
2026-03-13 05:49:40,750 - INFO - iter 14550 | loss 0.6836 | lr 1.19e-04 | 56565 tok/s | 8725.2 ms/step
2026-03-13 05:51:08,076 - INFO - iter 14560 | loss 0.7021 | lr 1.19e-04 | 56568 tok/s | 8725.2 ms/step
2026-03-13 05:52:35,408 - INFO - iter 14570 | loss 0.6851 | lr 1.19e-04 | 56570 tok/s | 8725.3 ms/step
2026-03-13 05:54:02,797 - INFO - iter 14580 | loss 0.6875 | lr 1.18e-04 | 56572 tok/s | 8725.9 ms/step
2026-03-13 05:55:30,169 - INFO - iter 14590 | loss 0.6851 | lr 1.18e-04 | 56574 tok/s | 8726.3 ms/step
2026-03-13 05:56:57,549 - INFO - iter 14600 | loss 0.7036 | lr 1.18e-04 | 56577 tok/s | 8726.9 ms/step
2026-03-13 05:58:24,929 - INFO - iter 14610 | loss 0.6934 | lr 1.17e-04 | 56579 tok/s | 8727.3 ms/step
2026-03-13 05:59:52,308 - INFO - iter 14620 | loss 0.7007 | lr 1.17e-04 | 56581 tok/s | 8727.8 ms/step
2026-03-13 06:01:19,664 - INFO - iter 14630 | loss 0.7017 | lr 1.17e-04 | 56583 tok/s | 8728.1 ms/step
2026-03-13 06:02:46,998 - INFO - iter 14640 | loss 0.6929 | lr 1.16e-04 | 56585 tok/s | 8728.2 ms/step
2026-03-13 06:04:14,325 - INFO - iter 14650 | loss 0.6904 | lr 1.16e-04 | 56588 tok/s | 8728.2 ms/step
2026-03-13 06:05:41,655 - INFO - iter 14660 | loss 0.6880 | lr 1.16e-04 | 56590 tok/s | 8728.2 ms/step
2026-03-13 06:07:08,981 - INFO - iter 14670 | loss 0.6870 | lr 1.16e-04 | 56592 tok/s | 8728.2 ms/step
2026-03-13 06:08:36,315 - INFO - iter 14680 | loss 0.7114 | lr 1.15e-04 | 56594 tok/s | 8727.6 ms/step
2026-03-13 06:10:03,647 - INFO - iter 14690 | loss 0.7197 | lr 1.15e-04 | 56596 tok/s | 8727.3 ms/step
2026-03-13 06:11:30,981 - INFO - iter 14700 | loss 0.6924 | lr 1.15e-04 | 56599 tok/s | 8726.8 ms/step
2026-03-13 06:12:58,322 - INFO - iter 14710 | loss 0.6851 | lr 1.14e-04 | 56601 tok/s | 8726.5 ms/step
2026-03-13 06:14:25,655 - INFO - iter 14720 | loss 0.7080 | lr 1.14e-04 | 56603 tok/s | 8726.0 ms/step
2026-03-13 06:15:52,984 - INFO - iter 14730 | loss 0.7026 | lr 1.14e-04 | 56605 tok/s | 8725.7 ms/step
2026-03-13 06:17:20,316 - INFO - iter 14740 | loss 0.6924 | lr 1.13e-04 | 56607 tok/s | 8725.7 ms/step
2026-03-13 06:18:47,645 - INFO - iter 14750 | loss 0.6836 | lr 1.13e-04 | 56610 tok/s | 8725.7 ms/step
2026-03-13 06:20:14,977 - INFO - iter 14760 | loss 0.6948 | lr 1.13e-04 | 56612 tok/s | 8725.8 ms/step
2026-03-13 06:21:42,306 - INFO - iter 14770 | loss 0.6841 | lr 1.13e-04 | 56614 tok/s | 8725.8 ms/step
2026-03-13 06:23:09,639 - INFO - iter 14780 | loss 0.7070 | lr 1.12e-04 | 56616 tok/s | 8725.8 ms/step
2026-03-13 06:24:36,967 - INFO - iter 14790 | loss 0.6816 | lr 1.12e-04 | 56618 tok/s | 8725.8 ms/step
2026-03-13 06:25:11,929 - INFO - ✓ Saved checkpoint: checkpoints_research/checkpoint_step14794_20260313_062511.pt
2026-03-13 06:25:11,929 - INFO -   Step: 14794, Wall-clock: 38.06h
2026-03-13 06:25:11,931 - INFO - Deleted old checkpoint: checkpoint_step10908_20260312_202345.pt
2026-03-13 06:26:04,351 - INFO - iter 14800 | loss 0.6948 | lr 1.12e-04 | 56621 tok/s | 8725.1 ms/step
2026-03-13 06:27:31,705 - INFO - iter 14810 | loss 0.6943 | lr 1.11e-04 | 56623 tok/s | 8725.1 ms/step
2026-03-13 06:28:59,034 - INFO - iter 14820 | loss 0.6680 | lr 1.11e-04 | 56625 tok/s | 8725.0 ms/step
2026-03-13 06:30:26,360 - INFO - iter 14830 | loss 0.6685 | lr 1.11e-04 | 56627 tok/s | 8725.0 ms/step
2026-03-13 06:31:53,690 - INFO - iter 14840 | loss 0.7095 | lr 1.10e-04 | 56629 tok/s | 8725.0 ms/step
2026-03-13 06:33:21,015 - INFO - iter 14850 | loss 0.6665 | lr 1.10e-04 | 56631 tok/s | 8724.9 ms/step
2026-03-13 06:34:48,344 - INFO - iter 14860 | loss 0.6797 | lr 1.10e-04 | 56634 tok/s | 8724.9 ms/step
2026-03-13 06:36:15,673 - INFO - iter 14870 | loss 0.6836 | lr 1.10e-04 | 56636 tok/s | 8724.9 ms/step
2026-03-13 06:37:43,006 - INFO - iter 14880 | loss 0.7046 | lr 1.09e-04 | 56638 tok/s | 8724.9 ms/step
2026-03-13 06:39:10,331 - INFO - iter 14890 | loss 0.6611 | lr 1.09e-04 | 56640 tok/s | 8724.9 ms/step
2026-03-13 06:40:37,664 - INFO - iter 14900 | loss 0.7319 | lr 1.09e-04 | 56642 tok/s | 8725.5 ms/step
2026-03-13 06:42:05,016 - INFO - iter 14910 | loss 0.6943 | lr 1.08e-04 | 56644 tok/s | 8725.5 ms/step
2026-03-13 06:43:32,346 - INFO - iter 14920 | loss 0.7188 | lr 1.08e-04 | 56646 tok/s | 8725.5 ms/step
2026-03-13 06:44:59,673 - INFO - iter 14930 | loss 0.6953 | lr 1.08e-04 | 56649 tok/s | 8725.5 ms/step
2026-03-13 06:46:27,033 - INFO - iter 14940 | loss 0.7031 | lr 1.08e-04 | 56651 tok/s | 8725.8 ms/step
2026-03-13 06:47:54,361 - INFO - iter 14950 | loss 0.7002 | lr 1.07e-04 | 56653 tok/s | 8725.9 ms/step
2026-03-13 06:49:21,691 - INFO - iter 14960 | loss 0.6997 | lr 1.07e-04 | 56655 tok/s | 8725.9 ms/step
2026-03-13 06:50:49,019 - INFO - iter 14970 | loss 0.6978 | lr 1.07e-04 | 56657 tok/s | 8725.9 ms/step
2026-03-13 06:52:16,348 - INFO - iter 14980 | loss 0.6885 | lr 1.06e-04 | 56659 tok/s | 8725.9 ms/step
2026-03-13 06:53:43,674 - INFO - iter 14990 | loss 0.6885 | lr 1.06e-04 | 56661 tok/s | 8725.9 ms/step
2026-03-13 06:55:11,004 - INFO - iter 15000 | loss 0.6895 | lr 1.06e-04 | 56663 tok/s | 8725.8 ms/step
2026-03-13 06:55:11,010 - INFO - 
--------------------------------------------------------------------------------
2026-03-13 06:55:11,010 - INFO - EVALUATION at iter 15000
2026-03-13 06:55:11,010 - INFO - --------------------------------------------------------------------------------
2026-03-13 06:59:36,935 - INFO - Val loss: 0.6926 | Val accuracy: 0.5150
2026-03-13 06:59:39,589 - INFO - Spectral radius: 0.998890
2026-03-13 06:59:39,589 - INFO - Condition number: 1903.697213
2026-03-13 06:59:39,589 - INFO - ERF: 3247
2026-03-13 06:59:39,642 - INFO - L2 error (vs RK4): 0.000000
2026-03-13 06:59:39,643 - INFO - VRAM peak (eval window): 15179.3 MB
2026-03-13 06:59:39,643 - INFO - Evaluation time: 268.6s
2026-03-13 06:59:39,643 - INFO - --------------------------------------------------------------------------------

2026-03-13 07:01:07,075 - INFO - iter 15010 | loss 0.6890 | lr 1.06e-04 | 56556 tok/s | 8725.8 ms/step
2026-03-13 07:02:34,403 - INFO - iter 15020 | loss 0.6934 | lr 1.05e-04 | 56558 tok/s | 8725.8 ms/step
2026-03-13 07:04:01,727 - INFO - iter 15030 | loss 0.6943 | lr 1.05e-04 | 56561 tok/s | 8725.8 ms/step
2026-03-13 07:05:29,056 - INFO - iter 15040 | loss 0.6875 | lr 1.05e-04 | 56563 tok/s | 8725.4 ms/step
2026-03-13 07:06:56,380 - INFO - iter 15050 | loss 0.6880 | lr 1.04e-04 | 56565 tok/s | 8725.4 ms/step
2026-03-13 07:08:23,705 - INFO - iter 15060 | loss 0.6768 | lr 1.04e-04 | 56567 tok/s | 8725.3 ms/step
2026-03-13 07:09:51,030 - INFO - iter 15070 | loss 0.7002 | lr 1.04e-04 | 56569 tok/s | 8725.3 ms/step
2026-03-13 07:11:18,356 - INFO - iter 15080 | loss 0.6870 | lr 1.04e-04 | 56571 tok/s | 8725.3 ms/step
2026-03-13 07:12:45,680 - INFO - iter 15090 | loss 0.6758 | lr 1.03e-04 | 56574 tok/s | 8725.3 ms/step
2026-03-13 07:14:13,008 - INFO - iter 15100 | loss 0.6816 | lr 1.03e-04 | 56576 tok/s | 8725.2 ms/step
2026-03-13 07:15:40,360 - INFO - iter 15110 | loss 0.6875 | lr 1.03e-04 | 56578 tok/s | 8725.3 ms/step
2026-03-13 07:17:07,688 - INFO - iter 15120 | loss 0.7041 | lr 1.02e-04 | 56580 tok/s | 8725.3 ms/step
2026-03-13 07:18:35,014 - INFO - iter 15130 | loss 0.6763 | lr 1.02e-04 | 56582 tok/s | 8725.3 ms/step
2026-03-13 07:20:02,341 - INFO - iter 15140 | loss 0.6924 | lr 1.02e-04 | 56584 tok/s | 8725.3 ms/step
2026-03-13 07:21:29,667 - INFO - iter 15150 | loss 0.6880 | lr 1.02e-04 | 56586 tok/s | 8725.3 ms/step
2026-03-13 07:22:56,996 - INFO - iter 15160 | loss 0.6934 | lr 1.01e-04 | 56589 tok/s | 8725.4 ms/step
2026-03-13 07:24:24,323 - INFO - iter 15170 | loss 0.6924 | lr 1.01e-04 | 56591 tok/s | 8725.4 ms/step
2026-03-13 07:25:51,652 - INFO - iter 15180 | loss 0.7007 | lr 1.01e-04 | 56593 tok/s | 8725.4 ms/step
2026-03-13 07:27:18,979 - INFO - iter 15190 | loss 0.7012 | lr 1.00e-04 | 56595 tok/s | 8725.5 ms/step
2026-03-13 07:28:46,307 - INFO - iter 15200 | loss 0.6934 | lr 1.00e-04 | 56597 tok/s | 8725.5 ms/step
2026-03-13 07:30:13,658 - INFO - iter 15210 | loss 0.7061 | lr 9.99e-05 | 56599 tok/s | 8725.4 ms/step
2026-03-13 07:31:40,985 - INFO - iter 15220 | loss 0.6973 | lr 9.97e-05 | 56601 tok/s | 8725.4 ms/step
2026-03-13 07:33:08,309 - INFO - iter 15230 | loss 0.6958 | lr 9.94e-05 | 56604 tok/s | 8725.4 ms/step
2026-03-13 07:34:35,636 - INFO - iter 15240 | loss 0.6904 | lr 9.91e-05 | 56606 tok/s | 8725.4 ms/step
2026-03-13 07:36:02,961 - INFO - iter 15250 | loss 0.6875 | lr 9.88e-05 | 56608 tok/s | 8725.3 ms/step
2026-03-13 07:37:30,288 - INFO - iter 15260 | loss 0.6909 | lr 9.86e-05 | 56610 tok/s | 8725.3 ms/step
2026-03-13 07:38:57,612 - INFO - iter 15270 | loss 0.6982 | lr 9.83e-05 | 56612 tok/s | 8725.3 ms/step
2026-03-13 07:40:24,939 - INFO - iter 15280 | loss 0.6870 | lr 9.80e-05 | 56614 tok/s | 8725.3 ms/step
2026-03-13 07:41:52,264 - INFO - iter 15290 | loss 0.6909 | lr 9.77e-05 | 56616 tok/s | 8725.2 ms/step
2026-03-13 07:43:19,592 - INFO - iter 15300 | loss 0.6895 | lr 9.75e-05 | 56618 tok/s | 8725.2 ms/step
2026-03-13 07:44:47,009 - INFO - iter 15310 | loss 0.6792 | lr 9.72e-05 | 56620 tok/s | 8726.0 ms/step
2026-03-13 07:46:14,337 - INFO - iter 15320 | loss 0.7085 | lr 9.69e-05 | 56623 tok/s | 8726.0 ms/step
2026-03-13 07:47:41,664 - INFO - iter 15330 | loss 0.6992 | lr 9.66e-05 | 56625 tok/s | 8726.0 ms/step
2026-03-13 07:49:08,995 - INFO - iter 15340 | loss 0.6812 | lr 9.64e-05 | 56627 tok/s | 8726.0 ms/step
2026-03-13 07:50:36,321 - INFO - iter 15350 | loss 0.6880 | lr 9.61e-05 | 56629 tok/s | 8726.1 ms/step
2026-03-13 07:52:03,651 - INFO - iter 15360 | loss 0.6919 | lr 9.58e-05 | 56631 tok/s | 8726.1 ms/step
2026-03-13 07:53:30,978 - INFO - iter 15370 | loss 0.6978 | lr 9.56e-05 | 56633 tok/s | 8726.1 ms/step
2026-03-13 07:54:58,309 - INFO - iter 15380 | loss 0.6899 | lr 9.53e-05 | 56635 tok/s | 8726.2 ms/step
2026-03-13 07:56:25,634 - INFO - iter 15390 | loss 0.7002 | lr 9.50e-05 | 56637 tok/s | 8726.2 ms/step
2026-03-13 07:57:52,965 - INFO - iter 15400 | loss 0.6978 | lr 9.48e-05 | 56639 tok/s | 8726.2 ms/step
2026-03-13 07:59:20,304 - INFO - iter 15410 | loss 0.6904 | lr 9.45e-05 | 56641 tok/s | 8725.5 ms/step
2026-03-13 08:00:47,635 - INFO - iter 15420 | loss 0.6929 | lr 9.42e-05 | 56643 tok/s | 8725.5 ms/step
2026-03-13 08:02:14,966 - INFO - iter 15430 | loss 0.6924 | lr 9.40e-05 | 56645 tok/s | 8725.6 ms/step
2026-03-13 08:03:42,298 - INFO - iter 15440 | loss 0.6934 | lr 9.37e-05 | 56648 tok/s | 8725.6 ms/step
2026-03-13 08:05:09,648 - INFO - iter 15450 | loss 0.6929 | lr 9.34e-05 | 56650 tok/s | 8725.8 ms/step
2026-03-13 08:06:36,977 - INFO - iter 15460 | loss 0.6890 | lr 9.32e-05 | 56652 tok/s | 8725.8 ms/step
2026-03-13 08:08:04,304 - INFO - iter 15470 | loss 0.6953 | lr 9.29e-05 | 56654 tok/s | 8725.8 ms/step
2026-03-13 08:09:31,631 - INFO - iter 15480 | loss 0.6909 | lr 9.26e-05 | 56656 tok/s | 8725.8 ms/step
2026-03-13 08:10:58,957 - INFO - iter 15490 | loss 0.6924 | lr 9.24e-05 | 56658 tok/s | 8725.8 ms/step
2026-03-13 08:12:26,287 - INFO - iter 15500 | loss 0.6890 | lr 9.21e-05 | 56660 tok/s | 8725.8 ms/step
2026-03-13 08:12:26,293 - INFO - 
--------------------------------------------------------------------------------
2026-03-13 08:12:26,293 - INFO - EVALUATION at iter 15500
2026-03-13 08:12:26,294 - INFO - --------------------------------------------------------------------------------
2026-03-13 08:16:52,207 - INFO - Val loss: 0.6932 | Val accuracy: 0.4850
2026-03-13 08:16:54,860 - INFO - Spectral radius: 0.998882
2026-03-13 08:16:54,861 - INFO - Condition number: 1886.864167
2026-03-13 08:16:54,861 - INFO - ERF: 3213
2026-03-13 08:16:54,916 - INFO - L2 error (vs RK4): 0.000000
2026-03-13 08:16:54,917 - INFO - VRAM peak (eval window): 15179.3 MB
2026-03-13 08:16:54,917 - INFO - Evaluation time: 268.6s
2026-03-13 08:16:54,918 - INFO - --------------------------------------------------------------------------------

2026-03-13 08:18:22,349 - INFO - iter 15510 | loss 0.6948 | lr 9.18e-05 | 56556 tok/s | 8725.7 ms/step
2026-03-13 08:19:49,679 - INFO - iter 15520 | loss 0.6929 | lr 9.16e-05 | 56558 tok/s | 8725.7 ms/step
2026-03-13 08:21:17,008 - INFO - iter 15530 | loss 0.6934 | lr 9.13e-05 | 56560 tok/s | 8725.7 ms/step
2026-03-13 08:22:44,339 - INFO - iter 15540 | loss 0.6924 | lr 9.11e-05 | 56562 tok/s | 8725.7 ms/step
2026-03-13 08:24:11,669 - INFO - iter 15550 | loss 0.6899 | lr 9.08e-05 | 56565 tok/s | 8725.5 ms/step
2026-03-13 08:25:12,830 - INFO - ✓ Saved checkpoint: checkpoints_research/checkpoint_step15557_20260313_082512.pt
2026-03-13 08:25:12,831 - INFO -   Step: 15557, Wall-clock: 40.06h
2026-03-13 08:25:12,833 - INFO - Deleted old checkpoint: checkpoint_step11671_20260312_222345.pt
2026-03-13 08:25:39,045 - INFO - iter 15560 | loss 0.6934 | lr 9.05e-05 | 56567 tok/s | 8724.9 ms/step
2026-03-13 08:27:06,375 - INFO - iter 15570 | loss 0.6904 | lr 9.03e-05 | 56569 tok/s | 8724.9 ms/step
2026-03-13 08:28:33,707 - INFO - iter 15580 | loss 0.6895 | lr 9.00e-05 | 56571 tok/s | 8725.0 ms/step
2026-03-13 08:30:01,036 - INFO - iter 15590 | loss 0.6958 | lr 8.98e-05 | 56573 tok/s | 8725.0 ms/step
2026-03-13 08:31:28,368 - INFO - iter 15600 | loss 0.6924 | lr 8.95e-05 | 56575 tok/s | 8725.0 ms/step
2026-03-13 08:32:55,707 - INFO - iter 15610 | loss 0.6924 | lr 8.92e-05 | 56577 tok/s | 8725.1 ms/step
2026-03-13 08:34:23,037 - INFO - iter 15620 | loss 0.7051 | lr 8.90e-05 | 56579 tok/s | 8725.1 ms/step
2026-03-13 08:35:50,364 - INFO - iter 15630 | loss 0.6948 | lr 8.87e-05 | 56581 tok/s | 8725.0 ms/step
2026-03-13 08:37:17,696 - INFO - iter 15640 | loss 0.6938 | lr 8.85e-05 | 56583 tok/s | 8725.0 ms/step
2026-03-13 08:38:45,023 - INFO - iter 15650 | loss 0.6938 | lr 8.82e-05 | 56585 tok/s | 8725.0 ms/step
2026-03-13 08:40:12,353 - INFO - iter 15660 | loss 0.6929 | lr 8.80e-05 | 56587 tok/s | 8725.6 ms/step
2026-03-13 08:41:39,680 - INFO - iter 15670 | loss 0.6919 | lr 8.77e-05 | 56590 tok/s | 8725.6 ms/step
2026-03-13 08:43:07,007 - INFO - iter 15680 | loss 0.6924 | lr 8.74e-05 | 56592 tok/s | 8725.6 ms/step
2026-03-13 08:44:34,333 - INFO - iter 15690 | loss 0.6963 | lr 8.72e-05 | 56594 tok/s | 8725.5 ms/step
2026-03-13 08:46:01,662 - INFO - iter 15700 | loss 0.6899 | lr 8.69e-05 | 56596 tok/s | 8725.5 ms/step
2026-03-13 08:47:29,007 - INFO - iter 15710 | loss 0.6904 | lr 8.67e-05 | 56598 tok/s | 8725.5 ms/step
2026-03-13 08:48:56,334 - INFO - iter 15720 | loss 0.6982 | lr 8.64e-05 | 56600 tok/s | 8725.4 ms/step
2026-03-13 08:50:23,658 - INFO - iter 15730 | loss 0.6763 | lr 8.62e-05 | 56602 tok/s | 8725.4 ms/step
2026-03-13 08:51:50,987 - INFO - iter 15740 | loss 0.6934 | lr 8.59e-05 | 56604 tok/s | 8725.4 ms/step
2026-03-13 08:53:18,311 - INFO - iter 15750 | loss 0.6968 | lr 8.57e-05 | 56606 tok/s | 8725.4 ms/step
2026-03-13 08:54:45,638 - INFO - iter 15760 | loss 0.6968 | lr 8.54e-05 | 56608 tok/s | 8725.3 ms/step
2026-03-13 08:56:12,961 - INFO - iter 15770 | loss 0.6982 | lr 8.52e-05 | 56610 tok/s | 8725.3 ms/step
2026-03-13 08:57:40,288 - INFO - iter 15780 | loss 0.6968 | lr 8.49e-05 | 56612 tok/s | 8725.3 ms/step
2026-03-13 08:59:07,612 - INFO - iter 15790 | loss 0.6860 | lr 8.47e-05 | 56614 tok/s | 8725.3 ms/step
2026-03-13 09:00:34,941 - INFO - iter 15800 | loss 0.6899 | lr 8.44e-05 | 56616 tok/s | 8725.3 ms/step
2026-03-13 09:02:02,280 - INFO - iter 15810 | loss 0.6929 | lr 8.42e-05 | 56618 tok/s | 8725.3 ms/step
2026-03-13 09:03:29,611 - INFO - iter 15820 | loss 0.6934 | lr 8.39e-05 | 56620 tok/s | 8725.3 ms/step
2026-03-13 09:04:56,940 - INFO - iter 15830 | loss 0.6899 | lr 8.37e-05 | 56622 tok/s | 8725.4 ms/step
2026-03-13 09:06:24,271 - INFO - iter 15840 | loss 0.6934 | lr 8.34e-05 | 56624 tok/s | 8725.4 ms/step
2026-03-13 09:07:51,601 - INFO - iter 15850 | loss 0.6958 | lr 8.32e-05 | 56626 tok/s | 8725.5 ms/step
2026-03-13 09:09:18,932 - INFO - iter 15860 | loss 0.6978 | lr 8.29e-05 | 56628 tok/s | 8725.5 ms/step
2026-03-13 09:10:46,262 - INFO - iter 15870 | loss 0.6846 | lr 8.27e-05 | 56631 tok/s | 8725.6 ms/step
2026-03-13 09:12:13,594 - INFO - iter 15880 | loss 0.6929 | lr 8.25e-05 | 56633 tok/s | 8725.6 ms/step
2026-03-13 09:13:40,921 - INFO - iter 15890 | loss 0.6963 | lr 8.22e-05 | 56635 tok/s | 8725.7 ms/step
2026-03-13 09:15:08,249 - INFO - iter 15900 | loss 0.6929 | lr 8.20e-05 | 56637 tok/s | 8725.6 ms/step
2026-03-13 09:16:35,582 - INFO - iter 15910 | loss 0.6914 | lr 8.17e-05 | 56639 tok/s | 8725.6 ms/step
2026-03-13 09:18:02,909 - INFO - iter 15920 | loss 0.6904 | lr 8.15e-05 | 56641 tok/s | 8725.6 ms/step
2026-03-13 09:19:30,234 - INFO - iter 15930 | loss 0.6948 | lr 8.12e-05 | 56643 tok/s | 8725.5 ms/step
2026-03-13 09:20:57,597 - INFO - iter 15940 | loss 0.6904 | lr 8.10e-05 | 56645 tok/s | 8725.8 ms/step
2026-03-13 09:22:24,921 - INFO - iter 15950 | loss 0.6953 | lr 8.08e-05 | 56647 tok/s | 8725.8 ms/step
2026-03-13 09:23:52,250 - INFO - iter 15960 | loss 0.6904 | lr 8.05e-05 | 56649 tok/s | 8725.8 ms/step
2026-03-13 09:25:19,574 - INFO - iter 15970 | loss 0.6885 | lr 8.03e-05 | 56651 tok/s | 8725.7 ms/step
2026-03-13 09:26:46,901 - INFO - iter 15980 | loss 0.6968 | lr 8.00e-05 | 56653 tok/s | 8725.7 ms/step
2026-03-13 09:28:14,226 - INFO - iter 15990 | loss 0.6875 | lr 7.98e-05 | 56655 tok/s | 8725.6 ms/step
2026-03-13 09:29:41,556 - INFO - iter 16000 | loss 0.6934 | lr 7.96e-05 | 56657 tok/s | 8725.6 ms/step
2026-03-13 09:29:41,572 - INFO - 
--------------------------------------------------------------------------------
2026-03-13 09:29:41,572 - INFO - EVALUATION at iter 16000
2026-03-13 09:29:41,572 - INFO - --------------------------------------------------------------------------------
2026-03-13 09:34:07,461 - INFO - Val loss: 0.6932 | Val accuracy: 0.4850
2026-03-13 09:34:10,115 - INFO - Spectral radius: 0.998877
2026-03-13 09:34:10,115 - INFO - Condition number: 1899.605929
2026-03-13 09:34:10,115 - INFO - ERF: 3197
2026-03-13 09:34:10,171 - INFO - L2 error (vs RK4): 0.000000
2026-03-13 09:34:10,172 - INFO - VRAM peak (eval window): 15179.3 MB
2026-03-13 09:34:10,172 - INFO - Evaluation time: 268.6s
2026-03-13 09:34:10,172 - INFO - --------------------------------------------------------------------------------

2026-03-13 09:35:37,591 - INFO - iter 16010 | loss 0.6899 | lr 7.93e-05 | 56556 tok/s | 8725.6 ms/step
2026-03-13 09:37:04,913 - INFO - iter 16020 | loss 0.6968 | lr 7.91e-05 | 56558 tok/s | 8725.5 ms/step
2026-03-13 09:38:32,233 - INFO - iter 16030 | loss 0.6821 | lr 7.88e-05 | 56560 tok/s | 8725.5 ms/step
2026-03-13 09:39:59,560 - INFO - iter 16040 | loss 0.6880 | lr 7.86e-05 | 56562 tok/s | 8725.1 ms/step
2026-03-13 09:41:26,884 - INFO - iter 16050 | loss 0.6880 | lr 7.84e-05 | 56564 tok/s | 8725.1 ms/step
2026-03-13 09:42:54,209 - INFO - iter 16060 | loss 0.6938 | lr 7.81e-05 | 56566 tok/s | 8725.1 ms/step
2026-03-13 09:44:21,529 - INFO - iter 16070 | loss 0.6782 | lr 7.79e-05 | 56568 tok/s | 8725.0 ms/step
2026-03-13 09:45:48,851 - INFO - iter 16080 | loss 0.6870 | lr 7.77e-05 | 56570 tok/s | 8725.0 ms/step
2026-03-13 09:47:16,173 - INFO - iter 16090 | loss 0.6860 | lr 7.74e-05 | 56572 tok/s | 8725.0 ms/step
2026-03-13 09:48:43,501 - INFO - iter 16100 | loss 0.6807 | lr 7.72e-05 | 56574 tok/s | 8724.9 ms/step
2026-03-13 09:50:10,837 - INFO - iter 16110 | loss 0.6938 | lr 7.70e-05 | 56576 tok/s | 8725.0 ms/step
2026-03-13 09:51:38,167 - INFO - iter 16120 | loss 0.6938 | lr 7.67e-05 | 56578 tok/s | 8725.1 ms/step
2026-03-13 09:53:05,494 - INFO - iter 16130 | loss 0.6968 | lr 7.65e-05 | 56580 tok/s | 8725.2 ms/step
2026-03-13 09:54:32,821 - INFO - iter 16140 | loss 0.6953 | lr 7.63e-05 | 56582 tok/s | 8725.2 ms/step
2026-03-13 09:56:00,145 - INFO - iter 16150 | loss 0.6963 | lr 7.60e-05 | 56584 tok/s | 8725.2 ms/step
2026-03-13 09:57:27,472 - INFO - iter 16160 | loss 0.6948 | lr 7.58e-05 | 56586 tok/s | 8725.2 ms/step
2026-03-13 09:58:54,798 - INFO - iter 16170 | loss 0.6953 | lr 7.56e-05 | 56589 tok/s | 8725.3 ms/step
2026-03-13 10:00:22,124 - INFO - iter 16180 | loss 0.6929 | lr 7.53e-05 | 56591 tok/s | 8725.3 ms/step
2026-03-13 10:01:49,448 - INFO - iter 16190 | loss 0.6943 | lr 7.51e-05 | 56593 tok/s | 8725.3 ms/step
2026-03-13 10:03:16,777 - INFO - iter 16200 | loss 0.6919 | lr 7.49e-05 | 56595 tok/s | 8725.3 ms/step
2026-03-13 10:04:44,107 - INFO - iter 16210 | loss 0.6899 | lr 7.47e-05 | 56597 tok/s | 8725.3 ms/step
2026-03-13 10:06:11,431 - INFO - iter 16220 | loss 0.6973 | lr 7.44e-05 | 56599 tok/s | 8725.2 ms/step
2026-03-13 10:07:38,752 - INFO - iter 16230 | loss 0.6904 | lr 7.42e-05 | 56601 tok/s | 8725.2 ms/step
2026-03-13 10:09:06,077 - INFO - iter 16240 | loss 0.6929 | lr 7.40e-05 | 56603 tok/s | 8725.1 ms/step
2026-03-13 10:10:33,400 - INFO - iter 16250 | loss 0.6895 | lr 7.37e-05 | 56605 tok/s | 8725.1 ms/step
2026-03-13 10:12:00,723 - INFO - iter 16260 | loss 0.6865 | lr 7.35e-05 | 56607 tok/s | 8725.1 ms/step
2026-03-13 10:13:28,044 - INFO - iter 16270 | loss 0.7002 | lr 7.33e-05 | 56608 tok/s | 8725.0 ms/step
2026-03-13 10:14:55,368 - INFO - iter 16280 | loss 0.6992 | lr 7.31e-05 | 56610 tok/s | 8725.0 ms/step
2026-03-13 10:16:22,691 - INFO - iter 16290 | loss 0.6855 | lr 7.28e-05 | 56612 tok/s | 8725.0 ms/step
2026-03-13 10:17:50,012 - INFO - iter 16300 | loss 0.6938 | lr 7.26e-05 | 56614 tok/s | 8724.9 ms/step
2026-03-13 10:19:17,347 - INFO - iter 16310 | loss 0.6763 | lr 7.24e-05 | 56616 tok/s | 8725.0 ms/step
2026-03-13 10:20:44,675 - INFO - iter 16320 | loss 0.7202 | lr 7.22e-05 | 56618 tok/s | 8725.0 ms/step
2026-03-13 10:22:12,005 - INFO - iter 16330 | loss 0.6943 | lr 7.20e-05 | 56620 tok/s | 8725.1 ms/step
2026-03-13 10:23:39,339 - INFO - iter 16340 | loss 0.6934 | lr 7.17e-05 | 56622 tok/s | 8725.2 ms/step
2026-03-13 10:25:06,669 - INFO - iter 16350 | loss 0.6992 | lr 7.15e-05 | 56624 tok/s | 8725.3 ms/step
2026-03-13 10:25:15,436 - INFO - ✓ Saved checkpoint: checkpoints_research/checkpoint_step16351_20260313_102515.pt
2026-03-13 10:25:15,437 - INFO -   Step: 16351, Wall-clock: 42.06h
2026-03-13 10:25:15,439 - INFO - Deleted old checkpoint: checkpoint_step12465_20260313_002348.pt
2026-03-13 10:26:34,047 - INFO - iter 16360 | loss 0.7158 | lr 7.13e-05 | 56626 tok/s | 8725.4 ms/step
2026-03-13 10:28:01,374 - INFO - iter 16370 | loss 0.6836 | lr 7.11e-05 | 56628 tok/s | 8725.4 ms/step
2026-03-13 10:29:28,704 - INFO - iter 16380 | loss 0.6934 | lr 7.09e-05 | 56630 tok/s | 8725.5 ms/step
2026-03-13 10:30:56,032 - INFO - iter 16390 | loss 0.6836 | lr 7.06e-05 | 56632 tok/s | 8725.5 ms/step
2026-03-13 10:32:23,364 - INFO - iter 16400 | loss 0.6924 | lr 7.04e-05 | 56634 tok/s | 8725.6 ms/step
2026-03-13 10:33:50,712 - INFO - iter 16410 | loss 0.6782 | lr 7.02e-05 | 56636 tok/s | 8725.6 ms/step
2026-03-13 10:35:18,038 - INFO - iter 16420 | loss 0.6992 | lr 7.00e-05 | 56638 tok/s | 8725.6 ms/step
2026-03-13 10:36:45,364 - INFO - iter 16430 | loss 0.6997 | lr 6.98e-05 | 56640 tok/s | 8725.6 ms/step
2026-03-13 10:38:12,723 - INFO - iter 16440 | loss 0.6997 | lr 6.96e-05 | 56642 tok/s | 8725.8 ms/step
2026-03-13 10:39:40,051 - INFO - iter 16450 | loss 0.6929 | lr 6.93e-05 | 56644 tok/s | 8725.8 ms/step
2026-03-13 10:41:07,379 - INFO - iter 16460 | loss 0.6987 | lr 6.91e-05 | 56646 tok/s | 8725.7 ms/step
2026-03-13 10:42:34,701 - INFO - iter 16470 | loss 0.7080 | lr 6.89e-05 | 56648 tok/s | 8725.7 ms/step
2026-03-13 10:44:02,029 - INFO - iter 16480 | loss 0.6885 | lr 6.87e-05 | 56650 tok/s | 8725.7 ms/step
2026-03-13 10:45:29,357 - INFO - iter 16490 | loss 0.6987 | lr 6.85e-05 | 56652 tok/s | 8725.7 ms/step
2026-03-13 10:46:56,682 - INFO - iter 16500 | loss 0.6934 | lr 6.83e-05 | 56654 tok/s | 8725.6 ms/step
2026-03-13 10:46:56,688 - INFO - 
--------------------------------------------------------------------------------
2026-03-13 10:46:56,688 - INFO - EVALUATION at iter 16500
2026-03-13 10:46:56,688 - INFO - --------------------------------------------------------------------------------
2026-03-13 10:51:22,592 - INFO - Val loss: 0.6928 | Val accuracy: 0.5150
2026-03-13 10:51:25,246 - INFO - Spectral radius: 0.998875
2026-03-13 10:51:25,246 - INFO - Condition number: 1920.680972
2026-03-13 10:51:25,246 - INFO - ERF: 3207
2026-03-13 10:51:25,303 - INFO - L2 error (vs RK4): 0.000000
2026-03-13 10:51:25,304 - INFO - VRAM peak (eval window): 15179.3 MB
2026-03-13 10:51:25,304 - INFO - Evaluation time: 268.6s
2026-03-13 10:51:25,305 - INFO - --------------------------------------------------------------------------------

2026-03-13 10:52:52,742 - INFO - iter 16510 | loss 0.6934 | lr 6.81e-05 | 56556 tok/s | 8725.6 ms/step
2026-03-13 10:54:20,072 - INFO - iter 16520 | loss 0.6992 | lr 6.78e-05 | 56558 tok/s | 8725.6 ms/step
2026-03-13 10:55:47,400 - INFO - iter 16530 | loss 0.6929 | lr 6.76e-05 | 56560 tok/s | 8725.6 ms/step
2026-03-13 10:57:14,731 - INFO - iter 16540 | loss 0.6851 | lr 6.74e-05 | 56562 tok/s | 8725.4 ms/step
2026-03-13 10:58:42,063 - INFO - iter 16550 | loss 0.6895 | lr 6.72e-05 | 56564 tok/s | 8725.4 ms/step
2026-03-13 11:00:09,397 - INFO - iter 16560 | loss 0.6885 | lr 6.70e-05 | 56566 tok/s | 8725.4 ms/step
2026-03-13 11:01:36,725 - INFO - iter 16570 | loss 0.6987 | lr 6.68e-05 | 56568 tok/s | 8725.5 ms/step
2026-03-13 11:03:04,058 - INFO - iter 16580 | loss 0.6938 | lr 6.66e-05 | 56570 tok/s | 8725.6 ms/step
2026-03-13 11:04:31,388 - INFO - iter 16590 | loss 0.6929 | lr 6.64e-05 | 56572 tok/s | 8725.6 ms/step
2026-03-13 11:05:58,721 - INFO - iter 16600 | loss 0.6929 | lr 6.62e-05 | 56574 tok/s | 8725.7 ms/step
2026-03-13 11:07:26,072 - INFO - iter 16610 | loss 0.6943 | lr 6.60e-05 | 56576 tok/s | 8725.8 ms/step
2026-03-13 11:08:53,404 - INFO - iter 16620 | loss 0.6909 | lr 6.58e-05 | 56578 tok/s | 8725.8 ms/step
2026-03-13 11:10:20,732 - INFO - iter 16630 | loss 0.6948 | lr 6.55e-05 | 56580 tok/s | 8725.8 ms/step
2026-03-13 11:11:48,060 - INFO - iter 16640 | loss 0.6890 | lr 6.53e-05 | 56582 tok/s | 8725.8 ms/step
2026-03-13 11:13:15,388 - INFO - iter 16650 | loss 0.6958 | lr 6.51e-05 | 56584 tok/s | 8725.7 ms/step
2026-03-13 11:14:42,714 - INFO - iter 16660 | loss 0.6895 | lr 6.49e-05 | 56586 tok/s | 8725.7 ms/step
2026-03-13 11:16:10,038 - INFO - iter 16670 | loss 0.6943 | lr 6.47e-05 | 56587 tok/s | 8725.6 ms/step
2026-03-13 11:17:37,366 - INFO - iter 16680 | loss 0.6929 | lr 6.45e-05 | 56589 tok/s | 8725.6 ms/step
2026-03-13 11:19:04,691 - INFO - iter 16690 | loss 0.6934 | lr 6.43e-05 | 56591 tok/s | 8725.5 ms/step
2026-03-13 11:20:32,024 - INFO - iter 16700 | loss 0.6938 | lr 6.41e-05 | 56593 tok/s | 8725.5 ms/step
2026-03-13 11:21:59,366 - INFO - iter 16710 | loss 0.6934 | lr 6.39e-05 | 56595 tok/s | 8725.5 ms/step
2026-03-13 11:23:26,693 - INFO - iter 16720 | loss 0.6909 | lr 6.37e-05 | 56597 tok/s | 8725.5 ms/step
2026-03-13 11:24:54,017 - INFO - iter 16730 | loss 0.6929 | lr 6.35e-05 | 56599 tok/s | 8725.4 ms/step
2026-03-13 11:26:21,344 - INFO - iter 16740 | loss 0.6904 | lr 6.33e-05 | 56601 tok/s | 8725.4 ms/step
2026-03-13 11:27:48,671 - INFO - iter 16750 | loss 0.6948 | lr 6.31e-05 | 56603 tok/s | 8725.4 ms/step
2026-03-13 11:29:15,999 - INFO - iter 16760 | loss 0.6904 | lr 6.29e-05 | 56605 tok/s | 8725.4 ms/step
2026-03-13 11:30:43,323 - INFO - iter 16770 | loss 0.6914 | lr 6.27e-05 | 56607 tok/s | 8725.4 ms/step
2026-03-13 11:32:10,650 - INFO - iter 16780 | loss 0.6924 | lr 6.25e-05 | 56609 tok/s | 8725.4 ms/step
2026-03-13 11:33:37,973 - INFO - iter 16790 | loss 0.6919 | lr 6.23e-05 | 56611 tok/s | 8725.4 ms/step
2026-03-13 11:35:05,299 - INFO - iter 16800 | loss 0.6899 | lr 6.21e-05 | 56613 tok/s | 8725.3 ms/step
2026-03-13 11:36:32,645 - INFO - iter 16810 | loss 0.6919 | lr 6.19e-05 | 56615 tok/s | 8725.3 ms/step
2026-03-13 11:37:59,974 - INFO - iter 16820 | loss 0.6953 | lr 6.17e-05 | 56616 tok/s | 8725.3 ms/step
2026-03-13 11:39:27,299 - INFO - iter 16830 | loss 0.6943 | lr 6.15e-05 | 56618 tok/s | 8725.3 ms/step
2026-03-13 11:40:54,633 - INFO - iter 16840 | loss 0.6914 | lr 6.14e-05 | 56620 tok/s | 8725.4 ms/step
2026-03-13 11:42:21,961 - INFO - iter 16850 | loss 0.6929 | lr 6.12e-05 | 56622 tok/s | 8725.4 ms/step
2026-03-13 11:43:49,292 - INFO - iter 16860 | loss 0.6919 | lr 6.10e-05 | 56624 tok/s | 8725.4 ms/step
2026-03-13 11:45:16,622 - INFO - iter 16870 | loss 0.6895 | lr 6.08e-05 | 56626 tok/s | 8725.5 ms/step
2026-03-13 11:46:43,955 - INFO - iter 16880 | loss 0.6948 | lr 6.06e-05 | 56628 tok/s | 8725.5 ms/step
2026-03-13 11:48:11,287 - INFO - iter 16890 | loss 0.6953 | lr 6.04e-05 | 56630 tok/s | 8725.6 ms/step
2026-03-13 11:49:38,621 - INFO - iter 16900 | loss 0.6929 | lr 6.02e-05 | 56632 tok/s | 8725.7 ms/step
2026-03-13 11:51:05,979 - INFO - iter 16910 | loss 0.6938 | lr 6.00e-05 | 56634 tok/s | 8725.7 ms/step
2026-03-13 11:52:33,310 - INFO - iter 16920 | loss 0.6924 | lr 5.98e-05 | 56636 tok/s | 8725.7 ms/step
2026-03-13 11:54:00,638 - INFO - iter 16930 | loss 0.6792 | lr 5.96e-05 | 56637 tok/s | 8725.7 ms/step
2026-03-13 11:55:27,972 - INFO - iter 16940 | loss 0.6890 | lr 5.94e-05 | 56639 tok/s | 8725.7 ms/step
2026-03-13 11:56:55,343 - INFO - iter 16950 | loss 0.6938 | lr 5.93e-05 | 56641 tok/s | 8726.1 ms/step
2026-03-13 11:58:22,673 - INFO - iter 16960 | loss 0.7095 | lr 5.91e-05 | 56643 tok/s | 8726.1 ms/step
2026-03-13 11:59:49,999 - INFO - iter 16970 | loss 0.6924 | lr 5.89e-05 | 56645 tok/s | 8726.1 ms/step
2026-03-13 12:01:17,329 - INFO - iter 16980 | loss 0.6875 | lr 5.87e-05 | 56647 tok/s | 8726.1 ms/step
2026-03-13 12:02:44,655 - INFO - iter 16990 | loss 0.6934 | lr 5.85e-05 | 56649 tok/s | 8726.0 ms/step
2026-03-13 12:04:11,980 - INFO - iter 17000 | loss 0.6890 | lr 5.83e-05 | 56651 tok/s | 8725.9 ms/step
2026-03-13 12:04:11,985 - INFO - 
--------------------------------------------------------------------------------
2026-03-13 12:04:11,986 - INFO - EVALUATION at iter 17000
2026-03-13 12:04:11,986 - INFO - --------------------------------------------------------------------------------
2026-03-13 12:08:37,879 - INFO - Val loss: 0.6934 | Val accuracy: 0.4850
2026-03-13 12:08:40,533 - INFO - Spectral radius: 0.998861
2026-03-13 12:08:40,533 - INFO - Condition number: 1864.635294
2026-03-13 12:08:40,533 - INFO - ERF: 3156
2026-03-13 12:08:40,586 - INFO - L2 error (vs RK4): 0.000000
2026-03-13 12:08:40,586 - INFO - VRAM peak (eval window): 15179.3 MB
2026-03-13 12:08:40,587 - INFO - Evaluation time: 268.6s
2026-03-13 12:08:40,587 - INFO - --------------------------------------------------------------------------------

2026-03-13 12:10:08,011 - INFO - iter 17010 | loss 0.7007 | lr 5.81e-05 | 56556 tok/s | 8725.9 ms/step
2026-03-13 12:11:35,341 - INFO - iter 17020 | loss 0.6943 | lr 5.80e-05 | 56558 tok/s | 8725.9 ms/step
2026-03-13 12:13:02,665 - INFO - iter 17030 | loss 0.6924 | lr 5.78e-05 | 56560 tok/s | 8725.8 ms/step
2026-03-13 12:14:29,994 - INFO - iter 17040 | loss 0.6929 | lr 5.76e-05 | 56562 tok/s | 8725.8 ms/step
2026-03-13 12:15:57,317 - INFO - iter 17050 | loss 0.6865 | lr 5.74e-05 | 56564 tok/s | 8725.3 ms/step
2026-03-13 12:17:24,644 - INFO - iter 17060 | loss 0.6895 | lr 5.72e-05 | 56566 tok/s | 8725.3 ms/step
2026-03-13 12:18:51,971 - INFO - iter 17070 | loss 0.6904 | lr 5.70e-05 | 56567 tok/s | 8725.3 ms/step
2026-03-13 12:20:19,299 - INFO - iter 17080 | loss 0.6963 | lr 5.69e-05 | 56569 tok/s | 8725.3 ms/step
2026-03-13 12:21:46,624 - INFO - iter 17090 | loss 0.6904 | lr 5.67e-05 | 56571 tok/s | 8725.3 ms/step
2026-03-13 12:23:13,950 - INFO - iter 17100 | loss 0.6904 | lr 5.65e-05 | 56573 tok/s | 8725.3 ms/step
2026-03-13 12:24:41,288 - INFO - iter 17110 | loss 0.6860 | lr 5.63e-05 | 56575 tok/s | 8725.4 ms/step
2026-03-13 12:25:16,252 - INFO - ✓ Saved checkpoint: checkpoints_research/checkpoint_step17114_20260313_122516.pt
2026-03-13 12:25:16,253 - INFO -   Step: 17114, Wall-clock: 44.06h
2026-03-13 12:25:16,255 - INFO - Deleted old checkpoint: checkpoint_step13228_20260313_022349.pt
2026-03-13 12:26:08,665 - INFO - iter 17120 | loss 0.6978 | lr 5.61e-05 | 56577 tok/s | 8724.7 ms/step
2026-03-13 12:27:35,989 - INFO - iter 17130 | loss 0.6938 | lr 5.60e-05 | 56579 tok/s | 8724.7 ms/step
2026-03-13 12:29:03,318 - INFO - iter 17140 | loss 0.6938 | lr 5.58e-05 | 56581 tok/s | 8724.7 ms/step
2026-03-13 12:30:30,643 - INFO - iter 17150 | loss 0.6992 | lr 5.56e-05 | 56583 tok/s | 8724.7 ms/step
2026-03-13 12:31:57,971 - INFO - iter 17160 | loss 0.6807 | lr 5.54e-05 | 56585 tok/s | 8724.7 ms/step
2026-03-13 12:33:25,298 - INFO - iter 17170 | loss 0.6880 | lr 5.53e-05 | 56587 tok/s | 8724.7 ms/step
2026-03-13 12:34:52,626 - INFO - iter 17180 | loss 0.6938 | lr 5.51e-05 | 56588 tok/s | 8724.7 ms/step
2026-03-13 12:36:19,952 - INFO - iter 17190 | loss 0.7046 | lr 5.49e-05 | 56590 tok/s | 8724.8 ms/step
2026-03-13 12:37:47,281 - INFO - iter 17200 | loss 0.6982 | lr 5.47e-05 | 56592 tok/s | 8724.8 ms/step
2026-03-13 12:39:14,619 - INFO - iter 17210 | loss 0.6929 | lr 5.46e-05 | 56594 tok/s | 8724.8 ms/step
2026-03-13 12:40:41,947 - INFO - iter 17220 | loss 0.6841 | lr 5.44e-05 | 56596 tok/s | 8725.4 ms/step
2026-03-13 12:42:09,274 - INFO - iter 17230 | loss 0.6924 | lr 5.42e-05 | 56598 tok/s | 8725.4 ms/step
2026-03-13 12:43:36,605 - INFO - iter 17240 | loss 0.6924 | lr 5.40e-05 | 56600 tok/s | 8725.4 ms/step
2026-03-13 12:45:03,931 - INFO - iter 17250 | loss 0.6924 | lr 5.39e-05 | 56602 tok/s | 8725.5 ms/step
2026-03-13 12:46:31,262 - INFO - iter 17260 | loss 0.6938 | lr 5.37e-05 | 56603 tok/s | 8725.5 ms/step
2026-03-13 12:47:58,587 - INFO - iter 17270 | loss 0.6880 | lr 5.35e-05 | 56605 tok/s | 8725.5 ms/step
2026-03-13 12:49:25,916 - INFO - iter 17280 | loss 0.6841 | lr 5.34e-05 | 56607 tok/s | 8725.5 ms/step
2026-03-13 12:50:53,243 - INFO - iter 17290 | loss 0.6836 | lr 5.32e-05 | 56609 tok/s | 8725.5 ms/step
2026-03-13 12:52:20,571 - INFO - iter 17300 | loss 0.6968 | lr 5.30e-05 | 56611 tok/s | 8725.5 ms/step
2026-03-13 12:53:47,909 - INFO - iter 17310 | loss 0.6934 | lr 5.29e-05 | 56613 tok/s | 8725.5 ms/step
2026-03-13 12:55:15,236 - INFO - iter 17320 | loss 0.6812 | lr 5.27e-05 | 56615 tok/s | 8725.5 ms/step
2026-03-13 12:56:42,561 - INFO - iter 17330 | loss 0.6948 | lr 5.25e-05 | 56617 tok/s | 8725.4 ms/step
2026-03-13 12:58:09,889 - INFO - iter 17340 | loss 0.6851 | lr 5.24e-05 | 56618 tok/s | 8725.4 ms/step
2026-03-13 12:59:37,215 - INFO - iter 17350 | loss 0.6719 | lr 5.22e-05 | 56620 tok/s | 8725.4 ms/step
2026-03-13 13:01:04,545 - INFO - iter 17360 | loss 0.6694 | lr 5.20e-05 | 56622 tok/s | 8725.4 ms/step
2026-03-13 13:02:31,872 - INFO - iter 17370 | loss 0.6934 | lr 5.19e-05 | 56624 tok/s | 8725.4 ms/step
2026-03-13 13:03:59,198 - INFO - iter 17380 | loss 0.6514 | lr 5.17e-05 | 56626 tok/s | 8725.4 ms/step
2026-03-13 13:05:26,523 - INFO - iter 17390 | loss 0.6797 | lr 5.15e-05 | 56628 tok/s | 8725.4 ms/step
2026-03-13 13:06:53,851 - INFO - iter 17400 | loss 0.6943 | lr 5.14e-05 | 56630 tok/s | 8725.3 ms/step
2026-03-13 13:08:21,189 - INFO - iter 17410 | loss 0.6953 | lr 5.12e-05 | 56631 tok/s | 8725.4 ms/step
2026-03-13 13:09:48,519 - INFO - iter 17420 | loss 0.6953 | lr 5.11e-05 | 56633 tok/s | 8725.4 ms/step
2026-03-13 13:11:15,848 - INFO - iter 17430 | loss 0.6948 | lr 5.09e-05 | 56635 tok/s | 8725.4 ms/step
2026-03-13 13:12:43,210 - INFO - iter 17440 | loss 0.6792 | lr 5.07e-05 | 56637 tok/s | 8725.8 ms/step
2026-03-13 13:14:10,537 - INFO - iter 17450 | loss 0.7109 | lr 5.06e-05 | 56639 tok/s | 8725.8 ms/step
2026-03-13 13:15:37,865 - INFO - iter 17460 | loss 0.7266 | lr 5.04e-05 | 56641 tok/s | 8725.7 ms/step
2026-03-13 13:17:05,190 - INFO - iter 17470 | loss 0.6797 | lr 5.03e-05 | 56642 tok/s | 8725.7 ms/step
2026-03-13 13:18:32,522 - INFO - iter 17480 | loss 0.7241 | lr 5.01e-05 | 56644 tok/s | 8725.8 ms/step
2026-03-13 13:19:59,850 - INFO - iter 17490 | loss 0.6943 | lr 4.99e-05 | 56646 tok/s | 8725.8 ms/step
2026-03-13 13:21:27,182 - INFO - iter 17500 | loss 0.6812 | lr 4.98e-05 | 56648 tok/s | 8725.9 ms/step
2026-03-13 13:21:27,193 - INFO - 
--------------------------------------------------------------------------------
2026-03-13 13:21:27,193 - INFO - EVALUATION at iter 17500
2026-03-13 13:21:27,193 - INFO - --------------------------------------------------------------------------------
2026-03-13 13:25:53,107 - INFO - Val loss: 0.6962 | Val accuracy: 0.4850
2026-03-13 13:25:55,759 - INFO - Spectral radius: 0.998847
2026-03-13 13:25:55,760 - INFO - Condition number: 1839.893642
2026-03-13 13:25:55,760 - INFO - ERF: 3131
2026-03-13 13:25:55,814 - INFO - L2 error (vs RK4): 0.000000
2026-03-13 13:25:55,815 - INFO - VRAM peak (eval window): 15179.3 MB
2026-03-13 13:25:55,816 - INFO - Evaluation time: 268.6s
2026-03-13 13:25:55,816 - INFO - --------------------------------------------------------------------------------

2026-03-13 13:27:23,251 - INFO - iter 17510 | loss 0.7046 | lr 4.96e-05 | 56556 tok/s | 8725.8 ms/step
2026-03-13 13:28:50,581 - INFO - iter 17520 | loss 0.6841 | lr 4.95e-05 | 56558 tok/s | 8725.8 ms/step
2026-03-13 13:30:17,912 - INFO - iter 17530 | loss 0.6929 | lr 4.93e-05 | 56560 tok/s | 8725.8 ms/step
2026-03-13 13:31:45,246 - INFO - iter 17540 | loss 0.6753 | lr 4.92e-05 | 56562 tok/s | 8725.5 ms/step
2026-03-13 13:33:12,577 - INFO - iter 17550 | loss 0.6938 | lr 4.90e-05 | 56563 tok/s | 8725.6 ms/step
2026-03-13 13:34:39,911 - INFO - iter 17560 | loss 0.7109 | lr 4.89e-05 | 56565 tok/s | 8725.7 ms/step
2026-03-13 13:36:07,241 - INFO - iter 17570 | loss 0.6934 | lr 4.87e-05 | 56567 tok/s | 8725.7 ms/step
2026-03-13 13:37:34,577 - INFO - iter 17580 | loss 0.6938 | lr 4.86e-05 | 56569 tok/s | 8725.7 ms/step
2026-03-13 13:39:01,909 - INFO - iter 17590 | loss 0.6797 | lr 4.84e-05 | 56571 tok/s | 8725.8 ms/step
2026-03-13 13:40:29,242 - INFO - iter 17600 | loss 0.6938 | lr 4.83e-05 | 56573 tok/s | 8725.8 ms/step
2026-03-13 13:41:56,586 - INFO - iter 17610 | loss 0.6938 | lr 4.81e-05 | 56575 tok/s | 8725.9 ms/step
2026-03-13 13:43:23,921 - INFO - iter 17620 | loss 0.7119 | lr 4.80e-05 | 56576 tok/s | 8726.0 ms/step
2026-03-13 13:44:51,248 - INFO - iter 17630 | loss 0.6938 | lr 4.78e-05 | 56578 tok/s | 8725.9 ms/step
2026-03-13 13:46:18,579 - INFO - iter 17640 | loss 0.6934 | lr 4.77e-05 | 56580 tok/s | 8725.9 ms/step
2026-03-13 13:47:45,907 - INFO - iter 17650 | loss 0.6982 | lr 4.75e-05 | 56582 tok/s | 8725.9 ms/step
2026-03-13 13:49:13,241 - INFO - iter 17660 | loss 0.7007 | lr 4.74e-05 | 56584 tok/s | 8725.9 ms/step
2026-03-13 13:50:40,572 - INFO - iter 17670 | loss 0.6973 | lr 4.72e-05 | 56586 tok/s | 8725.9 ms/step
2026-03-13 13:52:07,905 - INFO - iter 17680 | loss 0.6938 | lr 4.71e-05 | 56587 tok/s | 8725.9 ms/step
2026-03-13 13:53:35,237 - INFO - iter 17690 | loss 0.6895 | lr 4.69e-05 | 56589 tok/s | 8725.9 ms/step
2026-03-13 13:55:02,572 - INFO - iter 17700 | loss 0.7002 | lr 4.68e-05 | 56591 tok/s | 8725.9 ms/step
2026-03-13 13:56:29,914 - INFO - iter 17710 | loss 0.6943 | lr 4.66e-05 | 56593 tok/s | 8725.8 ms/step
2026-03-13 13:57:57,247 - INFO - iter 17720 | loss 0.6885 | lr 4.65e-05 | 56595 tok/s | 8725.8 ms/step
2026-03-13 13:59:24,577 - INFO - iter 17730 | loss 0.6943 | lr 4.64e-05 | 56597 tok/s | 8725.9 ms/step
2026-03-13 14:00:51,910 - INFO - iter 17740 | loss 0.6973 | lr 4.62e-05 | 56598 tok/s | 8725.9 ms/step
2026-03-13 14:02:19,239 - INFO - iter 17750 | loss 0.6963 | lr 4.61e-05 | 56600 tok/s | 8725.9 ms/step
2026-03-13 14:03:46,572 - INFO - iter 17760 | loss 0.7031 | lr 4.59e-05 | 56602 tok/s | 8725.9 ms/step
2026-03-13 14:05:13,901 - INFO - iter 17770 | loss 0.7007 | lr 4.58e-05 | 56604 tok/s | 8725.8 ms/step
2026-03-13 14:06:41,233 - INFO - iter 17780 | loss 0.6885 | lr 4.57e-05 | 56606 tok/s | 8725.8 ms/step
2026-03-13 14:08:08,562 - INFO - iter 17790 | loss 0.6836 | lr 4.55e-05 | 56608 tok/s | 8725.8 ms/step
2026-03-13 14:09:35,890 - INFO - iter 17800 | loss 0.6880 | lr 4.54e-05 | 56609 tok/s | 8725.7 ms/step
2026-03-13 14:11:03,228 - INFO - iter 17810 | loss 0.6846 | lr 4.52e-05 | 56611 tok/s | 8725.7 ms/step
2026-03-13 14:12:30,556 - INFO - iter 17820 | loss 0.6929 | lr 4.51e-05 | 56613 tok/s | 8725.6 ms/step
2026-03-13 14:13:57,884 - INFO - iter 17830 | loss 0.6934 | lr 4.50e-05 | 56615 tok/s | 8725.6 ms/step
2026-03-13 14:15:25,218 - INFO - iter 17840 | loss 0.6763 | lr 4.48e-05 | 56617 tok/s | 8725.7 ms/step
2026-03-13 14:16:52,550 - INFO - iter 17850 | loss 0.6865 | lr 4.47e-05 | 56618 tok/s | 8725.7 ms/step
2026-03-13 14:18:19,884 - INFO - iter 17860 | loss 0.6938 | lr 4.46e-05 | 56620 tok/s | 8725.7 ms/step
2026-03-13 14:19:47,216 - INFO - iter 17870 | loss 0.6929 | lr 4.44e-05 | 56622 tok/s | 8725.7 ms/step
2026-03-13 14:21:14,552 - INFO - iter 17880 | loss 0.6855 | lr 4.43e-05 | 56624 tok/s | 8725.8 ms/step
2026-03-13 14:22:41,885 - INFO - iter 17890 | loss 0.6938 | lr 4.42e-05 | 56626 tok/s | 8725.8 ms/step
2026-03-13 14:24:09,219 - INFO - iter 17900 | loss 0.6860 | lr 4.40e-05 | 56627 tok/s | 8725.9 ms/step
2026-03-13 14:25:19,130 - INFO - ✓ Saved checkpoint: checkpoints_research/checkpoint_step17908_20260313_142519.pt
2026-03-13 14:25:19,131 - INFO -   Step: 17908, Wall-clock: 46.06h
2026-03-13 14:25:19,133 - INFO - Deleted old checkpoint: checkpoint_step14000_20260313_042508.pt
2026-03-13 14:25:36,612 - INFO - iter 17910 | loss 0.7007 | lr 4.39e-05 | 56629 tok/s | 8725.3 ms/step
2026-03-13 14:27:03,948 - INFO - iter 17920 | loss 0.6860 | lr 4.38e-05 | 56631 tok/s | 8725.3 ms/step
2026-03-13 14:28:31,281 - INFO - iter 17930 | loss 0.6934 | lr 4.36e-05 | 56633 tok/s | 8725.4 ms/step
2026-03-13 14:29:58,655 - INFO - iter 17940 | loss 0.7026 | lr 4.35e-05 | 56635 tok/s | 8725.8 ms/step
2026-03-13 14:31:25,988 - INFO - iter 17950 | loss 0.6919 | lr 4.34e-05 | 56636 tok/s | 8725.8 ms/step
2026-03-13 14:32:53,323 - INFO - iter 17960 | loss 0.7021 | lr 4.32e-05 | 56638 tok/s | 8725.8 ms/step
2026-03-13 14:34:20,655 - INFO - iter 17970 | loss 0.6934 | lr 4.31e-05 | 56640 tok/s | 8725.8 ms/step
2026-03-13 14:35:47,990 - INFO - iter 17980 | loss 0.7183 | lr 4.30e-05 | 56642 tok/s | 8725.8 ms/step
2026-03-13 14:37:15,321 - INFO - iter 17990 | loss 0.6680 | lr 4.29e-05 | 56643 tok/s | 8725.8 ms/step
2026-03-13 14:38:42,657 - INFO - iter 18000 | loss 0.6938 | lr 4.27e-05 | 56645 tok/s | 8725.8 ms/step
2026-03-13 14:38:42,665 - INFO - 
--------------------------------------------------------------------------------
2026-03-13 14:38:42,665 - INFO - EVALUATION at iter 18000
2026-03-13 14:38:42,666 - INFO - --------------------------------------------------------------------------------
2026-03-13 14:43:08,564 - INFO - Val loss: 0.6947 | Val accuracy: 0.4850
2026-03-13 14:43:11,217 - INFO - Spectral radius: 0.998844
2026-03-13 14:43:11,217 - INFO - Condition number: 1839.613148
2026-03-13 14:43:11,217 - INFO - ERF: 3122
2026-03-13 14:43:11,273 - INFO - L2 error (vs RK4): 0.000000
2026-03-13 14:43:11,274 - INFO - VRAM peak (eval window): 15179.3 MB
2026-03-13 14:43:11,275 - INFO - Evaluation time: 268.6s
2026-03-13 14:43:11,275 - INFO - --------------------------------------------------------------------------------

2026-03-13 14:44:38,721 - INFO - iter 18010 | loss 0.6860 | lr 4.26e-05 | 56556 tok/s | 8726.4 ms/step
2026-03-13 14:46:06,052 - INFO - iter 18020 | loss 0.6938 | lr 4.25e-05 | 56558 tok/s | 8726.3 ms/step
2026-03-13 14:47:33,381 - INFO - iter 18030 | loss 0.6855 | lr 4.24e-05 | 56559 tok/s | 8726.3 ms/step
2026-03-13 14:49:00,711 - INFO - iter 18040 | loss 0.7021 | lr 4.22e-05 | 56561 tok/s | 8725.8 ms/step
2026-03-13 14:50:28,039 - INFO - iter 18050 | loss 0.6694 | lr 4.21e-05 | 56563 tok/s | 8725.8 ms/step
2026-03-13 14:51:55,367 - INFO - iter 18060 | loss 0.6855 | lr 4.20e-05 | 56565 tok/s | 8725.7 ms/step
2026-03-13 14:53:22,695 - INFO - iter 18070 | loss 0.7026 | lr 4.19e-05 | 56567 tok/s | 8725.6 ms/step
2026-03-13 14:54:50,025 - INFO - iter 18080 | loss 0.6846 | lr 4.17e-05 | 56569 tok/s | 8725.6 ms/step
2026-03-13 14:56:17,355 - INFO - iter 18090 | loss 0.7041 | lr 4.16e-05 | 56570 tok/s | 8725.6 ms/step
2026-03-13 14:57:44,687 - INFO - iter 18100 | loss 0.7041 | lr 4.15e-05 | 56572 tok/s | 8725.6 ms/step
2026-03-13 14:59:12,031 - INFO - iter 18110 | loss 0.6733 | lr 4.14e-05 | 56574 tok/s | 8725.7 ms/step
2026-03-13 15:00:39,366 - INFO - iter 18120 | loss 0.6738 | lr 4.13e-05 | 56576 tok/s | 8725.7 ms/step
2026-03-13 15:02:06,698 - INFO - iter 18130 | loss 0.6738 | lr 4.11e-05 | 56578 tok/s | 8725.7 ms/step
2026-03-13 15:03:34,032 - INFO - iter 18140 | loss 0.6831 | lr 4.10e-05 | 56579 tok/s | 8725.8 ms/step
2026-03-13 15:05:01,364 - INFO - iter 18150 | loss 0.6831 | lr 4.09e-05 | 56581 tok/s | 8725.8 ms/step
2026-03-13 15:06:28,698 - INFO - iter 18160 | loss 0.6929 | lr 4.08e-05 | 56583 tok/s | 8725.9 ms/step
2026-03-13 15:07:56,028 - INFO - iter 18170 | loss 0.6934 | lr 4.07e-05 | 56585 tok/s | 8725.9 ms/step
2026-03-13 15:09:23,361 - INFO - iter 18180 | loss 0.7266 | lr 4.06e-05 | 56586 tok/s | 8725.9 ms/step
2026-03-13 15:10:50,693 - INFO - iter 18190 | loss 0.7261 | lr 4.04e-05 | 56588 tok/s | 8725.9 ms/step
2026-03-13 15:12:18,026 - INFO - iter 18200 | loss 0.6938 | lr 4.03e-05 | 56590 tok/s | 8725.9 ms/step
2026-03-13 15:13:45,370 - INFO - iter 18210 | loss 0.6865 | lr 4.02e-05 | 56592 tok/s | 8725.9 ms/step
2026-03-13 15:15:12,702 - INFO - iter 18220 | loss 0.6929 | lr 4.01e-05 | 56594 tok/s | 8725.9 ms/step
2026-03-13 15:16:40,031 - INFO - iter 18230 | loss 0.7002 | lr 4.00e-05 | 56595 tok/s | 8725.8 ms/step
2026-03-13 15:18:07,362 - INFO - iter 18240 | loss 0.7090 | lr 3.99e-05 | 56597 tok/s | 8725.8 ms/step
2026-03-13 15:19:34,690 - INFO - iter 18250 | loss 0.6978 | lr 3.98e-05 | 56599 tok/s | 8725.8 ms/step
2026-03-13 15:21:02,020 - INFO - iter 18260 | loss 0.6885 | lr 3.97e-05 | 56601 tok/s | 8725.7 ms/step
2026-03-13 15:22:29,350 - INFO - iter 18270 | loss 0.6895 | lr 3.95e-05 | 56602 tok/s | 8725.7 ms/step
2026-03-13 15:23:56,680 - INFO - iter 18280 | loss 0.6958 | lr 3.94e-05 | 56604 tok/s | 8725.7 ms/step
2026-03-13 15:25:24,005 - INFO - iter 18290 | loss 0.6895 | lr 3.93e-05 | 56606 tok/s | 8725.6 ms/step
2026-03-13 15:26:51,334 - INFO - iter 18300 | loss 0.6934 | lr 3.92e-05 | 56608 tok/s | 8725.6 ms/step
2026-03-13 15:28:18,681 - INFO - iter 18310 | loss 0.6929 | lr 3.91e-05 | 56610 tok/s | 8725.6 ms/step
2026-03-13 15:29:46,010 - INFO - iter 18320 | loss 0.6938 | lr 3.90e-05 | 56611 tok/s | 8725.5 ms/step
2026-03-13 15:31:13,339 - INFO - iter 18330 | loss 0.6909 | lr 3.89e-05 | 56613 tok/s | 8725.5 ms/step
2026-03-13 15:32:40,671 - INFO - iter 18340 | loss 0.6919 | lr 3.88e-05 | 56615 tok/s | 8725.5 ms/step
2026-03-13 15:34:08,001 - INFO - iter 18350 | loss 0.6943 | lr 3.87e-05 | 56617 tok/s | 8725.6 ms/step
2026-03-13 15:35:35,334 - INFO - iter 18360 | loss 0.6943 | lr 3.86e-05 | 56618 tok/s | 8725.6 ms/step
2026-03-13 15:37:02,664 - INFO - iter 18370 | loss 0.6943 | lr 3.85e-05 | 56620 tok/s | 8725.6 ms/step
2026-03-13 15:38:29,997 - INFO - iter 18380 | loss 0.6904 | lr 3.84e-05 | 56622 tok/s | 8725.6 ms/step
2026-03-13 15:39:57,327 - INFO - iter 18390 | loss 0.6948 | lr 3.83e-05 | 56624 tok/s | 8725.7 ms/step
2026-03-13 15:41:24,660 - INFO - iter 18400 | loss 0.6904 | lr 3.82e-05 | 56625 tok/s | 8725.7 ms/step
2026-03-13 15:42:51,999 - INFO - iter 18410 | loss 0.6924 | lr 3.81e-05 | 56627 tok/s | 8725.7 ms/step
2026-03-13 15:44:19,329 - INFO - iter 18420 | loss 0.6919 | lr 3.80e-05 | 56629 tok/s | 8725.7 ms/step
2026-03-13 15:45:46,653 - INFO - iter 18430 | loss 0.6934 | lr 3.79e-05 | 56631 tok/s | 8725.7 ms/step
2026-03-13 15:47:13,978 - INFO - iter 18440 | loss 0.6934 | lr 3.78e-05 | 56632 tok/s | 8725.6 ms/step
2026-03-13 15:48:41,352 - INFO - iter 18450 | loss 0.6924 | lr 3.77e-05 | 56634 tok/s | 8726.1 ms/step
2026-03-13 15:50:08,677 - INFO - iter 18460 | loss 0.6919 | lr 3.76e-05 | 56636 tok/s | 8726.0 ms/step
2026-03-13 15:51:36,001 - INFO - iter 18470 | loss 0.6914 | lr 3.75e-05 | 56638 tok/s | 8725.9 ms/step
2026-03-13 15:53:03,326 - INFO - iter 18480 | loss 0.6919 | lr 3.74e-05 | 56639 tok/s | 8725.8 ms/step
2026-03-13 15:54:30,650 - INFO - iter 18490 | loss 0.6929 | lr 3.73e-05 | 56641 tok/s | 8725.8 ms/step
2026-03-13 15:55:57,977 - INFO - iter 18500 | loss 0.6865 | lr 3.72e-05 | 56643 tok/s | 8725.7 ms/step
2026-03-13 15:55:57,983 - INFO - 
--------------------------------------------------------------------------------
2026-03-13 15:55:57,983 - INFO - EVALUATION at iter 18500
2026-03-13 15:55:57,983 - INFO - --------------------------------------------------------------------------------
2026-03-13 16:00:23,876 - INFO - Val loss: 0.6933 | Val accuracy: 0.4850
2026-03-13 16:00:26,529 - INFO - Spectral radius: 0.998839
2026-03-13 16:00:26,529 - INFO - Condition number: 1837.560872
2026-03-13 16:00:26,529 - INFO - ERF: 3115
2026-03-13 16:00:26,589 - INFO - L2 error (vs RK4): 0.000000
2026-03-13 16:00:26,590 - INFO - VRAM peak (eval window): 15179.3 MB
2026-03-13 16:00:26,591 - INFO - Evaluation time: 268.6s
2026-03-13 16:00:26,591 - INFO - --------------------------------------------------------------------------------

2026-03-13 16:01:54,089 - INFO - iter 18510 | loss 0.6841 | lr 3.71e-05 | 56556 tok/s | 8725.7 ms/step
2026-03-13 16:03:21,417 - INFO - iter 18520 | loss 0.7007 | lr 3.70e-05 | 56558 tok/s | 8725.6 ms/step
2026-03-13 16:04:48,742 - INFO - iter 18530 | loss 0.6934 | lr 3.69e-05 | 56559 tok/s | 8725.6 ms/step
2026-03-13 16:06:16,072 - INFO - iter 18540 | loss 0.6821 | lr 3.68e-05 | 56561 tok/s | 8725.7 ms/step
2026-03-13 16:07:43,395 - INFO - iter 18550 | loss 0.6968 | lr 3.67e-05 | 56563 tok/s | 8725.2 ms/step
2026-03-13 16:09:10,723 - INFO - iter 18560 | loss 0.6968 | lr 3.66e-05 | 56565 tok/s | 8725.2 ms/step
2026-03-13 16:10:38,046 - INFO - iter 18570 | loss 0.6968 | lr 3.65e-05 | 56566 tok/s | 8725.2 ms/step
2026-03-13 16:12:05,373 - INFO - iter 18580 | loss 0.6855 | lr 3.64e-05 | 56568 tok/s | 8725.2 ms/step
2026-03-13 16:13:32,698 - INFO - iter 18590 | loss 0.6865 | lr 3.64e-05 | 56570 tok/s | 8725.2 ms/step
2026-03-13 16:15:00,030 - INFO - iter 18600 | loss 0.6948 | lr 3.63e-05 | 56572 tok/s | 8725.3 ms/step
2026-03-13 16:16:27,371 - INFO - iter 18610 | loss 0.6948 | lr 3.62e-05 | 56573 tok/s | 8725.4 ms/step
2026-03-13 16:17:54,709 - INFO - iter 18620 | loss 0.6929 | lr 3.61e-05 | 56575 tok/s | 8725.5 ms/step
2026-03-13 16:19:22,041 - INFO - iter 18630 | loss 0.6924 | lr 3.60e-05 | 56577 tok/s | 8725.5 ms/step
2026-03-13 16:20:49,375 - INFO - iter 18640 | loss 0.6934 | lr 3.59e-05 | 56579 tok/s | 8725.6 ms/step
2026-03-13 16:22:16,704 - INFO - iter 18650 | loss 0.6914 | lr 3.58e-05 | 56580 tok/s | 8725.6 ms/step
2026-03-13 16:23:44,038 - INFO - iter 18660 | loss 0.6934 | lr 3.57e-05 | 56582 tok/s | 8725.7 ms/step
2026-03-13 16:25:11,368 - INFO - iter 18670 | loss 0.6929 | lr 3.57e-05 | 56584 tok/s | 8725.8 ms/step
2026-03-13 16:25:20,142 - INFO - ✓ Saved checkpoint: checkpoints_research/checkpoint_step18671_20260313_162520.pt
2026-03-13 16:25:20,142 - INFO -   Step: 18671, Wall-clock: 48.06h
2026-03-13 16:25:20,144 - INFO - Deleted old checkpoint: checkpoint_step14794_20260313_062511.pt
2026-03-13 16:26:38,751 - INFO - iter 18680 | loss 0.6909 | lr 3.56e-05 | 56586 tok/s | 8725.9 ms/step
2026-03-13 16:28:06,082 - INFO - iter 18690 | loss 0.6953 | lr 3.55e-05 | 56587 tok/s | 8725.9 ms/step
2026-03-13 16:29:33,417 - INFO - iter 18700 | loss 0.6929 | lr 3.54e-05 | 56589 tok/s | 8726.0 ms/step
2026-03-13 16:31:00,758 - INFO - iter 18710 | loss 0.6904 | lr 3.53e-05 | 56591 tok/s | 8726.0 ms/step
2026-03-13 16:32:28,090 - INFO - iter 18720 | loss 0.6948 | lr 3.52e-05 | 56593 tok/s | 8725.9 ms/step
2026-03-13 16:33:55,417 - INFO - iter 18730 | loss 0.6909 | lr 3.52e-05 | 56594 tok/s | 8725.9 ms/step
2026-03-13 16:35:22,749 - INFO - iter 18740 | loss 0.6914 | lr 3.51e-05 | 56596 tok/s | 8725.8 ms/step
2026-03-13 16:36:50,075 - INFO - iter 18750 | loss 0.6929 | lr 3.50e-05 | 56598 tok/s | 8725.8 ms/step
2026-03-13 16:38:17,405 - INFO - iter 18760 | loss 0.6943 | lr 3.49e-05 | 56599 tok/s | 8725.8 ms/step
2026-03-13 16:39:44,733 - INFO - iter 18770 | loss 0.6924 | lr 3.48e-05 | 56601 tok/s | 8725.7 ms/step
2026-03-13 16:41:12,062 - INFO - iter 18780 | loss 0.6909 | lr 3.48e-05 | 56603 tok/s | 8725.7 ms/step
2026-03-13 16:42:39,390 - INFO - iter 18790 | loss 0.6929 | lr 3.47e-05 | 56605 tok/s | 8725.6 ms/step
2026-03-13 16:44:06,720 - INFO - iter 18800 | loss 0.6919 | lr 3.46e-05 | 56606 tok/s | 8725.6 ms/step
2026-03-13 16:45:34,062 - INFO - iter 18810 | loss 0.6904 | lr 3.45e-05 | 56608 tok/s | 8725.6 ms/step
2026-03-13 16:47:01,393 - INFO - iter 18820 | loss 0.6948 | lr 3.45e-05 | 56610 tok/s | 8725.6 ms/step
2026-03-13 16:48:28,723 - INFO - iter 18830 | loss 0.6880 | lr 3.44e-05 | 56611 tok/s | 8725.6 ms/step
2026-03-13 16:49:56,055 - INFO - iter 18840 | loss 0.6909 | lr 3.43e-05 | 56613 tok/s | 8725.6 ms/step
2026-03-13 16:51:23,384 - INFO - iter 18850 | loss 0.6885 | lr 3.42e-05 | 56615 tok/s | 8725.6 ms/step
2026-03-13 16:52:50,717 - INFO - iter 18860 | loss 0.6880 | lr 3.42e-05 | 56617 tok/s | 8725.7 ms/step
2026-03-13 16:54:18,052 - INFO - iter 18870 | loss 0.6992 | lr 3.41e-05 | 56618 tok/s | 8725.7 ms/step
2026-03-13 16:55:45,390 - INFO - iter 18880 | loss 0.6899 | lr 3.40e-05 | 56620 tok/s | 8725.8 ms/step
2026-03-13 16:57:12,723 - INFO - iter 18890 | loss 0.6958 | lr 3.39e-05 | 56622 tok/s | 8725.9 ms/step
2026-03-13 16:58:40,059 - INFO - iter 18900 | loss 0.6895 | lr 3.39e-05 | 56623 tok/s | 8725.9 ms/step
2026-03-13 17:00:07,409 - INFO - iter 18910 | loss 0.6904 | lr 3.38e-05 | 56625 tok/s | 8725.9 ms/step
2026-03-13 17:01:34,743 - INFO - iter 18920 | loss 0.6987 | lr 3.37e-05 | 56627 tok/s | 8726.0 ms/step
2026-03-13 17:03:02,074 - INFO - iter 18930 | loss 0.6885 | lr 3.37e-05 | 56629 tok/s | 8726.0 ms/step
2026-03-13 17:04:29,456 - INFO - iter 18940 | loss 0.6880 | lr 3.36e-05 | 56630 tok/s | 8726.5 ms/step
2026-03-13 17:05:56,787 - INFO - iter 18950 | loss 0.6890 | lr 3.35e-05 | 56632 tok/s | 8726.5 ms/step
2026-03-13 17:07:24,121 - INFO - iter 18960 | loss 0.6953 | lr 3.35e-05 | 56634 tok/s | 8726.5 ms/step
2026-03-13 17:08:51,453 - INFO - iter 18970 | loss 0.6958 | lr 3.34e-05 | 56635 tok/s | 8726.5 ms/step
2026-03-13 17:10:18,787 - INFO - iter 18980 | loss 0.6880 | lr 3.33e-05 | 56637 tok/s | 8726.4 ms/step
2026-03-13 17:11:46,119 - INFO - iter 18990 | loss 0.6978 | lr 3.33e-05 | 56639 tok/s | 8726.4 ms/step
2026-03-13 17:13:13,453 - INFO - iter 19000 | loss 0.6870 | lr 3.32e-05 | 56640 tok/s | 8726.4 ms/step
2026-03-13 17:13:13,460 - INFO - 
--------------------------------------------------------------------------------
2026-03-13 17:13:13,460 - INFO - EVALUATION at iter 19000
2026-03-13 17:13:13,460 - INFO - --------------------------------------------------------------------------------
2026-03-13 17:17:39,360 - INFO - Val loss: 0.6926 | Val accuracy: 0.5150
2026-03-13 17:17:42,014 - INFO - Spectral radius: 0.998839
2026-03-13 17:17:42,014 - INFO - Condition number: 1849.197184
2026-03-13 17:17:42,014 - INFO - ERF: 3120
2026-03-13 17:17:42,070 - INFO - L2 error (vs RK4): 0.000000
2026-03-13 17:17:42,071 - INFO - VRAM peak (eval window): 15179.3 MB
2026-03-13 17:17:42,072 - INFO - Evaluation time: 268.6s
2026-03-13 17:17:42,072 - INFO - --------------------------------------------------------------------------------

2026-03-13 17:19:09,537 - INFO - iter 19010 | loss 0.6943 | lr 3.31e-05 | 56556 tok/s | 8726.4 ms/step
2026-03-13 17:20:36,872 - INFO - iter 19020 | loss 0.6909 | lr 3.31e-05 | 56557 tok/s | 8726.4 ms/step
2026-03-13 17:22:04,203 - INFO - iter 19030 | loss 0.6938 | lr 3.30e-05 | 56559 tok/s | 8726.5 ms/step
2026-03-13 17:23:31,538 - INFO - iter 19040 | loss 0.6953 | lr 3.30e-05 | 56561 tok/s | 8726.0 ms/step
2026-03-13 17:24:58,871 - INFO - iter 19050 | loss 0.6929 | lr 3.29e-05 | 56563 tok/s | 8726.0 ms/step
2026-03-13 17:26:26,205 - INFO - iter 19060 | loss 0.6948 | lr 3.28e-05 | 56564 tok/s | 8726.0 ms/step
2026-03-13 17:27:53,535 - INFO - iter 19070 | loss 0.6953 | lr 3.28e-05 | 56566 tok/s | 8726.0 ms/step
2026-03-13 17:29:20,869 - INFO - iter 19080 | loss 0.6934 | lr 3.27e-05 | 56568 tok/s | 8726.0 ms/step
2026-03-13 17:30:48,201 - INFO - iter 19090 | loss 0.6924 | lr 3.27e-05 | 56569 tok/s | 8726.0 ms/step
2026-03-13 17:32:15,536 - INFO - iter 19100 | loss 0.6904 | lr 3.26e-05 | 56571 tok/s | 8726.0 ms/step
2026-03-13 17:33:42,878 - INFO - iter 19110 | loss 0.6924 | lr 3.25e-05 | 56573 tok/s | 8726.0 ms/step
2026-03-13 17:35:10,214 - INFO - iter 19120 | loss 0.6973 | lr 3.25e-05 | 56574 tok/s | 8726.0 ms/step
2026-03-13 17:36:37,548 - INFO - iter 19130 | loss 0.6904 | lr 3.24e-05 | 56576 tok/s | 8726.0 ms/step
2026-03-13 17:38:04,885 - INFO - iter 19140 | loss 0.6875 | lr 3.24e-05 | 56578 tok/s | 8726.0 ms/step
2026-03-13 17:39:32,219 - INFO - iter 19150 | loss 0.6885 | lr 3.23e-05 | 56580 tok/s | 8726.0 ms/step
2026-03-13 17:40:59,556 - INFO - iter 19160 | loss 0.6948 | lr 3.23e-05 | 56581 tok/s | 8726.1 ms/step
2026-03-13 17:42:26,889 - INFO - iter 19170 | loss 0.6860 | lr 3.22e-05 | 56583 tok/s | 8726.1 ms/step
2026-03-13 17:43:54,227 - INFO - iter 19180 | loss 0.7007 | lr 3.22e-05 | 56585 tok/s | 8726.1 ms/step
2026-03-13 17:45:21,562 - INFO - iter 19190 | loss 0.6851 | lr 3.21e-05 | 56586 tok/s | 8726.2 ms/step
2026-03-13 17:46:48,898 - INFO - iter 19200 | loss 0.7007 | lr 3.21e-05 | 56588 tok/s | 8726.2 ms/step
2026-03-13 17:48:16,238 - INFO - iter 19210 | loss 0.6885 | lr 3.20e-05 | 56590 tok/s | 8726.1 ms/step
2026-03-13 17:49:43,573 - INFO - iter 19220 | loss 0.6880 | lr 3.20e-05 | 56591 tok/s | 8726.1 ms/step
2026-03-13 17:51:10,904 - INFO - iter 19230 | loss 0.6929 | lr 3.19e-05 | 56593 tok/s | 8726.1 ms/step
2026-03-13 17:52:38,238 - INFO - iter 19240 | loss 0.6880 | lr 3.19e-05 | 56595 tok/s | 8726.1 ms/step
2026-03-13 17:54:05,568 - INFO - iter 19250 | loss 0.6987 | lr 3.18e-05 | 56596 tok/s | 8726.0 ms/step
2026-03-13 17:55:32,899 - INFO - iter 19260 | loss 0.6938 | lr 3.18e-05 | 56598 tok/s | 8726.0 ms/step
2026-03-13 17:57:00,228 - INFO - iter 19270 | loss 0.6885 | lr 3.17e-05 | 56600 tok/s | 8725.9 ms/step
2026-03-13 17:58:27,561 - INFO - iter 19280 | loss 0.6880 | lr 3.17e-05 | 56602 tok/s | 8725.9 ms/step
2026-03-13 17:59:54,891 - INFO - iter 19290 | loss 0.6875 | lr 3.16e-05 | 56603 tok/s | 8725.8 ms/step
2026-03-13 18:01:22,225 - INFO - iter 19300 | loss 0.6875 | lr 3.16e-05 | 56605 tok/s | 8725.8 ms/step
2026-03-13 18:02:49,566 - INFO - iter 19310 | loss 0.6943 | lr 3.15e-05 | 56607 tok/s | 8725.8 ms/step
2026-03-13 18:04:16,902 - INFO - iter 19320 | loss 0.6870 | lr 3.15e-05 | 56608 tok/s | 8725.8 ms/step
2026-03-13 18:05:44,232 - INFO - iter 19330 | loss 0.7070 | lr 3.14e-05 | 56610 tok/s | 8725.8 ms/step
2026-03-13 18:07:11,564 - INFO - iter 19340 | loss 0.6797 | lr 3.14e-05 | 56612 tok/s | 8725.8 ms/step
2026-03-13 18:08:38,895 - INFO - iter 19350 | loss 0.6929 | lr 3.14e-05 | 56613 tok/s | 8725.8 ms/step
2026-03-13 18:10:06,231 - INFO - iter 19360 | loss 0.7148 | lr 3.13e-05 | 56615 tok/s | 8725.9 ms/step
2026-03-13 18:11:33,560 - INFO - iter 19370 | loss 0.6924 | lr 3.13e-05 | 56617 tok/s | 8725.9 ms/step
2026-03-13 18:13:00,892 - INFO - iter 19380 | loss 0.7012 | lr 3.12e-05 | 56618 tok/s | 8725.9 ms/step
2026-03-13 18:14:28,221 - INFO - iter 19390 | loss 0.6787 | lr 3.12e-05 | 56620 tok/s | 8725.8 ms/step
2026-03-13 18:15:55,554 - INFO - iter 19400 | loss 0.6870 | lr 3.12e-05 | 56622 tok/s | 8725.8 ms/step
2026-03-13 18:17:22,889 - INFO - iter 19410 | loss 0.6997 | lr 3.11e-05 | 56623 tok/s | 8725.8 ms/step
2026-03-13 18:18:50,218 - INFO - iter 19420 | loss 0.6938 | lr 3.11e-05 | 56625 tok/s | 8725.7 ms/step
2026-03-13 18:20:17,543 - INFO - iter 19430 | loss 0.6948 | lr 3.10e-05 | 56627 tok/s | 8725.7 ms/step
2026-03-13 18:21:44,873 - INFO - iter 19440 | loss 0.6646 | lr 3.10e-05 | 56628 tok/s | 8725.7 ms/step
2026-03-13 18:23:12,225 - INFO - iter 19450 | loss 0.6943 | lr 3.10e-05 | 56630 tok/s | 8725.9 ms/step
2026-03-13 18:24:39,554 - INFO - iter 19460 | loss 0.6772 | lr 3.09e-05 | 56631 tok/s | 8725.8 ms/step
2026-03-13 18:25:23,251 - INFO - ✓ Saved checkpoint: checkpoints_research/checkpoint_step19465_20260313_182523.pt
2026-03-13 18:25:23,252 - INFO -   Step: 19465, Wall-clock: 50.06h
2026-03-13 18:25:23,254 - INFO - Deleted old checkpoint: checkpoint_step15557_20260313_082512.pt
2026-03-13 18:26:06,931 - INFO - iter 19470 | loss 0.6934 | lr 3.09e-05 | 56633 tok/s | 8725.1 ms/step
2026-03-13 18:27:34,262 - INFO - iter 19480 | loss 0.6870 | lr 3.09e-05 | 56635 tok/s | 8725.1 ms/step
2026-03-13 18:29:01,592 - INFO - iter 19490 | loss 0.6934 | lr 3.08e-05 | 56636 tok/s | 8725.1 ms/step
2026-03-13 18:30:28,924 - INFO - iter 19500 | loss 0.6855 | lr 3.08e-05 | 56638 tok/s | 8725.1 ms/step
2026-03-13 18:30:28,930 - INFO - 
--------------------------------------------------------------------------------
2026-03-13 18:30:28,930 - INFO - EVALUATION at iter 19500
2026-03-13 18:30:28,931 - INFO - --------------------------------------------------------------------------------
2026-03-13 18:34:54,837 - INFO - Val loss: 0.6947 | Val accuracy: 0.4850
2026-03-13 18:34:57,490 - INFO - Spectral radius: 0.998837
2026-03-13 18:34:57,490 - INFO - Condition number: 1823.016400
2026-03-13 18:34:57,490 - INFO - ERF: 3094
2026-03-13 18:34:57,553 - INFO - L2 error (vs RK4): 0.000000
2026-03-13 18:34:57,554 - INFO - VRAM peak (eval window): 15179.3 MB
2026-03-13 18:34:57,554 - INFO - Evaluation time: 268.6s
2026-03-13 18:34:57,555 - INFO - --------------------------------------------------------------------------------

2026-03-13 18:36:24,998 - INFO - iter 19510 | loss 0.7114 | lr 3.08e-05 | 56556 tok/s | 8725.1 ms/step
2026-03-13 18:37:52,332 - INFO - iter 19520 | loss 0.6948 | lr 3.07e-05 | 56557 tok/s | 8725.2 ms/step
2026-03-13 18:39:19,661 - INFO - iter 19530 | loss 0.6772 | lr 3.07e-05 | 56559 tok/s | 8725.2 ms/step
2026-03-13 18:40:46,993 - INFO - iter 19540 | loss 0.6943 | lr 3.07e-05 | 56561 tok/s | 8725.2 ms/step
2026-03-13 18:42:14,325 - INFO - iter 19550 | loss 0.6860 | lr 3.07e-05 | 56562 tok/s | 8725.0 ms/step
2026-03-13 18:43:41,658 - INFO - iter 19560 | loss 0.6865 | lr 3.06e-05 | 56564 tok/s | 8725.1 ms/step
2026-03-13 18:45:08,990 - INFO - iter 19570 | loss 0.6812 | lr 3.06e-05 | 56566 tok/s | 8725.8 ms/step
2026-03-13 18:46:36,326 - INFO - iter 19580 | loss 0.7124 | lr 3.06e-05 | 56567 tok/s | 8725.8 ms/step
2026-03-13 18:48:03,659 - INFO - iter 19590 | loss 0.6880 | lr 3.05e-05 | 56569 tok/s | 8725.9 ms/step
2026-03-13 18:49:30,993 - INFO - iter 19600 | loss 0.6816 | lr 3.05e-05 | 56571 tok/s | 8725.9 ms/step
2026-03-13 18:50:58,335 - INFO - iter 19610 | loss 0.6997 | lr 3.05e-05 | 56572 tok/s | 8725.9 ms/step
2026-03-13 18:52:25,670 - INFO - iter 19620 | loss 0.6929 | lr 3.05e-05 | 56574 tok/s | 8725.9 ms/step
2026-03-13 18:53:52,999 - INFO - iter 19630 | loss 0.6929 | lr 3.04e-05 | 56576 tok/s | 8726.0 ms/step
2026-03-13 18:55:20,331 - INFO - iter 19640 | loss 0.7075 | lr 3.04e-05 | 56577 tok/s | 8726.0 ms/step
2026-03-13 18:56:47,662 - INFO - iter 19650 | loss 0.6743 | lr 3.04e-05 | 56579 tok/s | 8726.0 ms/step
2026-03-13 18:58:14,997 - INFO - iter 19660 | loss 0.6890 | lr 3.04e-05 | 56581 tok/s | 8726.0 ms/step
2026-03-13 18:59:42,328 - INFO - iter 19670 | loss 0.7031 | lr 3.03e-05 | 56582 tok/s | 8726.0 ms/step
2026-03-13 19:01:09,662 - INFO - iter 19680 | loss 0.6890 | lr 3.03e-05 | 56584 tok/s | 8726.0 ms/step
2026-03-13 19:02:36,993 - INFO - iter 19690 | loss 0.6968 | lr 3.03e-05 | 56586 tok/s | 8725.9 ms/step
2026-03-13 19:04:04,329 - INFO - iter 19700 | loss 0.6909 | lr 3.03e-05 | 56587 tok/s | 8726.0 ms/step
2026-03-13 19:05:31,671 - INFO - iter 19710 | loss 0.6909 | lr 3.03e-05 | 56589 tok/s | 8726.0 ms/step
2026-03-13 19:06:59,004 - INFO - iter 19720 | loss 0.6938 | lr 3.03e-05 | 56590 tok/s | 8725.9 ms/step
2026-03-13 19:08:26,335 - INFO - iter 19730 | loss 0.6938 | lr 3.02e-05 | 56592 tok/s | 8726.0 ms/step
2026-03-13 19:09:53,666 - INFO - iter 19740 | loss 0.6924 | lr 3.02e-05 | 56594 tok/s | 8726.0 ms/step
2026-03-13 19:11:20,996 - INFO - iter 19750 | loss 0.6953 | lr 3.02e-05 | 56595 tok/s | 8725.9 ms/step
2026-03-13 19:12:48,327 - INFO - iter 19760 | loss 0.6997 | lr 3.02e-05 | 56597 tok/s | 8725.9 ms/step
2026-03-13 19:14:15,657 - INFO - iter 19770 | loss 0.6973 | lr 3.02e-05 | 56599 tok/s | 8725.9 ms/step
2026-03-13 19:15:42,991 - INFO - iter 19780 | loss 0.6846 | lr 3.02e-05 | 56600 tok/s | 8725.9 ms/step
2026-03-13 19:17:10,320 - INFO - iter 19790 | loss 0.6929 | lr 3.01e-05 | 56602 tok/s | 8725.9 ms/step
2026-03-13 19:18:37,652 - INFO - iter 19800 | loss 0.6895 | lr 3.01e-05 | 56604 tok/s | 8725.8 ms/step
2026-03-13 19:20:04,993 - INFO - iter 19810 | loss 0.6943 | lr 3.01e-05 | 56605 tok/s | 8725.8 ms/step
2026-03-13 19:21:32,324 - INFO - iter 19820 | loss 0.7007 | lr 3.01e-05 | 56607 tok/s | 8725.8 ms/step
2026-03-13 19:22:59,651 - INFO - iter 19830 | loss 0.7017 | lr 3.01e-05 | 56608 tok/s | 8725.8 ms/step
2026-03-13 19:24:26,982 - INFO - iter 19840 | loss 0.6860 | lr 3.01e-05 | 56610 tok/s | 8725.8 ms/step
2026-03-13 19:25:54,309 - INFO - iter 19850 | loss 0.6772 | lr 3.01e-05 | 56612 tok/s | 8725.7 ms/step
2026-03-13 19:27:21,639 - INFO - iter 19860 | loss 0.6929 | lr 3.01e-05 | 56613 tok/s | 8725.7 ms/step
2026-03-13 19:28:48,969 - INFO - iter 19870 | loss 0.6855 | lr 3.01e-05 | 56615 tok/s | 8725.7 ms/step
2026-03-13 19:30:16,300 - INFO - iter 19880 | loss 0.6943 | lr 3.00e-05 | 56617 tok/s | 8725.7 ms/step
2026-03-13 19:31:43,629 - INFO - iter 19890 | loss 0.6836 | lr 3.00e-05 | 56618 tok/s | 8725.7 ms/step
2026-03-13 19:33:10,961 - INFO - iter 19900 | loss 0.6846 | lr 3.00e-05 | 56620 tok/s | 8725.7 ms/step
2026-03-13 19:34:38,302 - INFO - iter 19910 | loss 0.6929 | lr 3.00e-05 | 56621 tok/s | 8725.7 ms/step
2026-03-13 19:36:05,634 - INFO - iter 19920 | loss 0.7046 | lr 3.00e-05 | 56623 tok/s | 8725.7 ms/step
2026-03-13 19:37:32,965 - INFO - iter 19930 | loss 0.7036 | lr 3.00e-05 | 56625 tok/s | 8725.7 ms/step
2026-03-13 19:39:00,300 - INFO - iter 19940 | loss 0.7031 | lr 3.00e-05 | 56626 tok/s | 8725.8 ms/step
2026-03-13 19:40:27,680 - INFO - iter 19950 | loss 0.6929 | lr 3.00e-05 | 56628 tok/s | 8726.3 ms/step
2026-03-13 19:41:55,014 - INFO - iter 19960 | loss 0.7036 | lr 3.00e-05 | 56629 tok/s | 8726.3 ms/step
2026-03-13 19:43:22,347 - INFO - iter 19970 | loss 0.6733 | lr 3.00e-05 | 56631 tok/s | 8726.3 ms/step
2026-03-13 19:44:49,682 - INFO - iter 19980 | loss 0.6841 | lr 3.00e-05 | 56633 tok/s | 8726.4 ms/step
2026-03-13 19:46:17,014 - INFO - iter 19990 | loss 0.6851 | lr 3.00e-05 | 56634 tok/s | 8726.4 ms/step
2026-03-13 19:47:35,616 - INFO - 
================================================================================
2026-03-13 19:47:35,616 - INFO - TRAINING COMPLETE
2026-03-13 19:47:35,617 - INFO - ================================================================================
2026-03-13 19:47:35,617 - INFO - Total wall-clock time: 51.43 hours
2026-03-13 19:47:35,618 - INFO - Best val loss: 0.6925
2026-03-13 19:47:35,618 - INFO - ================================================================================

2026-03-13 19:47:35,730 - INFO - ✓ Final memory cleanup complete
